[2026-05-01 09:50:14] local.ERROR: str_repeat(): Argument #2 ($times) must be greater than or equal to 0 {"exception":"[object] (ValueError(code: 0): str_repeat(): Argument #2 ($times) must be greater than or equal to 0 at C:/Users/Usuario/Desktop/reservaya-complete/backend/vendor/laravel/framework/src/Illuminate/Foundation/Console/RouteListCommand.php:462)
[stacktrace]
#0 C:/Users/Usuario/Desktop/reservaya-complete/backend/vendor/laravel/framework/src/Illuminate/Foundation/Console/RouteListCommand.php(462): str_repeat(' ', -1)
#1 C:/Users/Usuario/Desktop/reservaya-complete/backend/vendor/laravel/framework/src/Illuminate/Foundation/Console/RouteListCommand.php(366): Illuminate/Foundation/Console/RouteListCommand->determineRouteCountOutput(Object(Illuminate/Support/Collection), 19)
#2 C:/Users/Usuario/Desktop/reservaya-complete/backend/vendor/laravel/framework/src/Illuminate/Foundation/Console/RouteListCommand.php(199): Illuminate/Foundation/Console/RouteListCommand->forCli(Object(Illuminate/Support/Collection))
#3 C:/Users/Usuario/Desktop/reservaya-complete/backend/vendor/laravel/framework/src/Illuminate/Foundation/Console/RouteListCommand.php(107): Illuminate/Foundation/Console/RouteListCommand->displayRoutes(Object(Illuminate/Support/Collection))
#4 C:/Users/Usuario/Desktop/reservaya-complete/backend/vendor/laravel/framework/src/Illuminate/Container/BoundMethod.php(36): Illuminate/Foundation/Console/RouteListCommand->handle()
#5 C:/Users/Usuario/Desktop/reservaya-complete/backend/vendor/laravel/framework/src/Illuminate/Container/Util.php(43): Illuminate/Container/BoundMethod::Illuminate/Container/{closure}()
#6 C:/Users/Usuario/Desktop/reservaya-complete/backend/vendor/laravel/framework/src/Illuminate/Container/BoundMethod.php(95): Illuminate/Container/Util::unwrapIfClosure(Object(Closure))
#7 C:/Users/Usuario/Desktop/reservaya-complete/backend/vendor/laravel/framework/src/Illuminate/Container/BoundMethod.php(35): Illuminate/Container/BoundMethod::callBoundMethod(Object(Illuminate/Foundation/Application), Array, Object(Closure))
#8 C:/Users/Usuario/Desktop/reservaya-complete/backend/vendor/laravel/framework/src/Illuminate/Container/Container.php(696): Illuminate/Container/BoundMethod::call(Object(Illuminate/Foundation/Application), Array, Array, NULL)
#9 C:/Users/Usuario/Desktop/reservaya-complete/backend/vendor/laravel/framework/src/Illuminate/Console/Command.php(213): Illuminate/Container/Container->call(Array)
#10 C:/Users/Usuario/Desktop/reservaya-complete/backend/vendor/symfony/console/Command/Command.php(341): Illuminate/Console/Command->execute(Object(Symfony/Component/Console/Input/ArgvInput), Object(Illuminate/Console/OutputStyle))
#11 C:/Users/Usuario/Desktop/reservaya-complete/backend/vendor/laravel/framework/src/Illuminate/Console/Command.php(182): Symfony/Component/Console/Command/Command->run(Object(Symfony/Component/Console/Input/ArgvInput), Object(Illuminate/Console/OutputStyle))
#12 C:/Users/Usuario/Desktop/reservaya-complete/backend/vendor/symfony/console/Application.php(1117): Illuminate/Console/Command->run(Object(Symfony/Component/Console/Input/ArgvInput), Object(Symfony/Component/Console/Output/ConsoleOutput))
#13 C:/Users/Usuario/Desktop/reservaya-complete/backend/vendor/symfony/console/Application.php(356): Symfony/Component/Console/Application->doRunCommand(Object(Illuminate/Foundation/Console/RouteListCommand), Object(Symfony/Component/Console/Input/ArgvInput), Object(Symfony/Component/Console/Output/ConsoleOutput))
#14 C:/Users/Usuario/Desktop/reservaya-complete/backend/vendor/symfony/console/Application.php(195): Symfony/Component/Console/Application->doRun(Object(Symfony/Component/Console/Input/ArgvInput), Object(Symfony/Component/Console/Output/ConsoleOutput))
#15 C:/Users/Usuario/Desktop/reservaya-complete/backend/vendor/laravel/framework/src/Illuminate/Foundation/Console/Kernel.php(198): Symfony/Component/Console/Application->run(Object(Symfony/Component/Console/Input/ArgvInput), Object(Symfony/Component/Console/Output/ConsoleOutput))
#16 C:/Users/Usuario/Desktop/reservaya-complete/backend/artisan(16): Illuminate/Foundation/Console/Kernel->handle(Object(Symfony/Component/Console/Input/ArgvInput), Object(Symfony/Component/Console/Output/ConsoleOutput))
#17 {main}
"} 
[2026-05-01 09:50:27] local.ERROR: str_repeat(): Argument #2 ($times) must be greater than or equal to 0 {"exception":"[object] (ValueError(code: 0): str_repeat(): Argument #2 ($times) must be greater than or equal to 0 at C:/Users/Usuario/Desktop/reservaya-complete/backend/vendor/laravel/framework/src/Illuminate/Foundation/Console/RouteListCommand.php:462)
[stacktrace]
#0 C:/Users/Usuario/Desktop/reservaya-complete/backend/vendor/laravel/framework/src/Illuminate/Foundation/Console/RouteListCommand.php(462): str_repeat(' ', -1)
#1 C:/Users/Usuario/Desktop/reservaya-complete/backend/vendor/laravel/framework/src/Illuminate/Foundation/Console/RouteListCommand.php(366): Illuminate/Foundation/Console/RouteListCommand->determineRouteCountOutput(Object(Illuminate/Support/Collection), 19)
#2 C:/Users/Usuario/Desktop/reservaya-complete/backend/vendor/laravel/framework/src/Illuminate/Foundation/Console/RouteListCommand.php(199): Illuminate/Foundation/Console/RouteListCommand->forCli(Object(Illuminate/Support/Collection))
#3 C:/Users/Usuario/Desktop/reservaya-complete/backend/vendor/laravel/framework/src/Illuminate/Foundation/Console/RouteListCommand.php(107): Illuminate/Foundation/Console/RouteListCommand->displayRoutes(Object(Illuminate/Support/Collection))
#4 C:/Users/Usuario/Desktop/reservaya-complete/backend/vendor/laravel/framework/src/Illuminate/Container/BoundMethod.php(36): Illuminate/Foundation/Console/RouteListCommand->handle()
#5 C:/Users/Usuario/Desktop/reservaya-complete/backend/vendor/laravel/framework/src/Illuminate/Container/Util.php(43): Illuminate/Container/BoundMethod::Illuminate/Container/{closure}()
#6 C:/Users/Usuario/Desktop/reservaya-complete/backend/vendor/laravel/framework/src/Illuminate/Container/BoundMethod.php(95): Illuminate/Container/Util::unwrapIfClosure(Object(Closure))
#7 C:/Users/Usuario/Desktop/reservaya-complete/backend/vendor/laravel/framework/src/Illuminate/Container/BoundMethod.php(35): Illuminate/Container/BoundMethod::callBoundMethod(Object(Illuminate/Foundation/Application), Array, Object(Closure))
#8 C:/Users/Usuario/Desktop/reservaya-complete/backend/vendor/laravel/framework/src/Illuminate/Container/Container.php(696): Illuminate/Container/BoundMethod::call(Object(Illuminate/Foundation/Application), Array, Array, NULL)
#9 C:/Users/Usuario/Desktop/reservaya-complete/backend/vendor/laravel/framework/src/Illuminate/Console/Command.php(213): Illuminate/Container/Container->call(Array)
#10 C:/Users/Usuario/Desktop/reservaya-complete/backend/vendor/symfony/console/Command/Command.php(341): Illuminate/Console/Command->execute(Object(Symfony/Component/Console/Input/ArgvInput), Object(Illuminate/Console/OutputStyle))
#11 C:/Users/Usuario/Desktop/reservaya-complete/backend/vendor/laravel/framework/src/Illuminate/Console/Command.php(182): Symfony/Component/Console/Command/Command->run(Object(Symfony/Component/Console/Input/ArgvInput), Object(Illuminate/Console/OutputStyle))
#12 C:/Users/Usuario/Desktop/reservaya-complete/backend/vendor/symfony/console/Application.php(1117): Illuminate/Console/Command->run(Object(Symfony/Component/Console/Input/ArgvInput), Object(Symfony/Component/Console/Output/ConsoleOutput))
#13 C:/Users/Usuario/Desktop/reservaya-complete/backend/vendor/symfony/console/Application.php(356): Symfony/Component/Console/Application->doRunCommand(Object(Illuminate/Foundation/Console/RouteListCommand), Object(Symfony/Component/Console/Input/ArgvInput), Object(Symfony/Component/Console/Output/ConsoleOutput))
#14 C:/Users/Usuario/Desktop/reservaya-complete/backend/vendor/symfony/console/Application.php(195): Symfony/Component/Console/Application->doRun(Object(Symfony/Component/Console/Input/ArgvInput), Object(Symfony/Component/Console/Output/ConsoleOutput))
#15 C:/Users/Usuario/Desktop/reservaya-complete/backend/vendor/laravel/framework/src/Illuminate/Foundation/Console/Kernel.php(198): Symfony/Component/Console/Application->run(Object(Symfony/Component/Console/Input/ArgvInput), Object(Symfony/Component/Console/Output/ConsoleOutput))
#16 C:/Users/Usuario/Desktop/reservaya-complete/backend/artisan(16): Illuminate/Foundation/Console/Kernel->handle(Object(Symfony/Component/Console/Input/ArgvInput), Object(Symfony/Component/Console/Output/ConsoleOutput))
#17 {main}
"} 
[2026-05-01 10:32:01] local.ERROR: syntax error, unexpected token "{", expecting "function" or "const" {"exception":"[object] (ParseError(code: 0): syntax error, unexpected token \"{\", expecting \"function\" or \"const\" at C:/Users/Usuario/Desktop/reservaya-complete/backend/app/Http/Controllers/Api/OwnerMenuController.php:115)
[stacktrace]
#0 C:/Users/Usuario/Desktop/reservaya-complete/backend/vendor/composer/ClassLoader.php(427): Composer/Autoload/{closure}('C://Users//Usuari...')
#1 [internal function]: Composer/Autoload/ClassLoader->loadClass('App//Http//Contro...')
#2 C:/Users/Usuario/Desktop/reservaya-complete/backend/vendor/laravel/framework/src/Illuminate/Routing/Route.php(1117): is_a('App//Http//Contro...', 'Illuminate//Rout...', true)
#3 C:/Users/Usuario/Desktop/reservaya-complete/backend/vendor/laravel/framework/src/Illuminate/Routing/Route.php(1054): Illuminate/Routing/Route->controllerMiddleware()
#4 C:/Users/Usuario/Desktop/reservaya-complete/backend/vendor/laravel/framework/src/Illuminate/Routing/Router.php(820): Illuminate/Routing/Route->gatherMiddleware()
#5 C:/Users/Usuario/Desktop/reservaya-complete/backend/vendor/laravel/framework/src/Illuminate/Routing/Router.php(802): Illuminate/Routing/Router->gatherRouteMiddleware(Object(Illuminate/Routing/Route))
#6 C:/Users/Usuario/Desktop/reservaya-complete/backend/vendor/laravel/framework/src/Illuminate/Routing/Router.php(786): Illuminate/Routing/Router->runRouteWithinStack(Object(Illuminate/Routing/Route), Object(Illuminate/Http/Request))
#7 C:/Users/Usuario/Desktop/reservaya-complete/backend/vendor/laravel/framework/src/Illuminate/Routing/Router.php(750): Illuminate/Routing/Router->runRoute(Object(Illuminate/Http/Request), Object(Illuminate/Routing/Route))
#8 C:/Users/Usuario/Desktop/reservaya-complete/backend/vendor/laravel/framework/src/Illuminate/Routing/Router.php(739): Illuminate/Routing/Router->dispatchToRoute(Object(Illuminate/Http/Request))
#9 C:/Users/Usuario/Desktop/reservaya-complete/backend/vendor/laravel/framework/src/Illuminate/Foundation/Http/Kernel.php(201): Illuminate/Routing/Router->dispatch(Object(Illuminate/Http/Request))
#10 C:/Users/Usuario/Desktop/reservaya-complete/backend/vendor/laravel/framework/src/Illuminate/Pipeline/Pipeline.php(170): Illuminate/Foundation/Http/Kernel->Illuminate/Foundation/Http/{closure}(Object(Illuminate/Http/Request))
#11 C:/Users/Usuario/Desktop/reservaya-complete/backend/app/Http/Middleware/CorsMiddleware.php(32): Illuminate/Pipeline/Pipeline->Illuminate/Pipeline/{closure}(Object(Illuminate/Http/Request))
#12 C:/Users/Usuario/Desktop/reservaya-complete/backend/vendor/laravel/framework/src/Illuminate/Pipeline/Pipeline.php(209): App/Http/Middleware/CorsMiddleware->handle(Object(Illuminate/Http/Request), Object(Closure))
#13 C:/Users/Usuario/Desktop/reservaya-complete/backend/vendor/laravel/framework/src/Illuminate/Pipeline/Pipeline.php(127): Illuminate/Pipeline/Pipeline->Illuminate/Pipeline/{closure}(Object(Illuminate/Http/Request))
#14 C:/Users/Usuario/Desktop/reservaya-complete/backend/vendor/laravel/framework/src/Illuminate/Foundation/Http/Kernel.php(176): Illuminate/Pipeline/Pipeline->then(Object(Closure))
#15 C:/Users/Usuario/Desktop/reservaya-complete/backend/vendor/laravel/framework/src/Illuminate/Foundation/Http/Kernel.php(145): Illuminate/Foundation/Http/Kernel->sendRequestThroughRouter(Object(Illuminate/Http/Request))
#16 C:/Users/Usuario/Desktop/reservaya-complete/backend/vendor/laravel/framework/src/Illuminate/Foundation/Application.php(1220): Illuminate/Foundation/Http/Kernel->handle(Object(Illuminate/Http/Request))
#17 C:/Users/Usuario/Desktop/reservaya-complete/backend/public/index.php(14): Illuminate/Foundation/Application->handleRequest(Object(Illuminate/Http/Request))
#18 C:/Users/Usuario/Desktop/reservaya-complete/backend/vendor/laravel/framework/src/Illuminate/Foundation/resources/server.php(23): require_once('C://Users//Usuari...')
#19 {main}
"} 
[2026-05-01 10:32:03] local.ERROR: syntax error, unexpected token "{", expecting "function" or "const" {"exception":"[object] (ParseError(code: 0): syntax error, unexpected token \"{\", expecting \"function\" or \"const\" at C:/Users/Usuario/Desktop/reservaya-complete/backend/app/Http/Controllers/Api/OwnerMenuController.php:115)
[stacktrace]
#0 C:/Users/Usuario/Desktop/reservaya-complete/backend/vendor/composer/ClassLoader.php(427): Composer/Autoload/{closure}('C://Users//Usuari...')
#1 [internal function]: Composer/Autoload/ClassLoader->loadClass('App//Http//Contro...')
#2 C:/Users/Usuario/Desktop/reservaya-complete/backend/vendor/laravel/framework/src/Illuminate/Routing/Route.php(1117): is_a('App//Http//Contro...', 'Illuminate//Rout...', true)
#3 C:/Users/Usuario/Desktop/reservaya-complete/backend/vendor/laravel/framework/src/Illuminate/Routing/Route.php(1054): Illuminate/Routing/Route->controllerMiddleware()
#4 C:/Users/Usuario/Desktop/reservaya-complete/backend/vendor/laravel/framework/src/Illuminate/Routing/Router.php(820): Illuminate/Routing/Route->gatherMiddleware()
#5 C:/Users/Usuario/Desktop/reservaya-complete/backend/vendor/laravel/framework/src/Illuminate/Routing/Router.php(802): Illuminate/Routing/Router->gatherRouteMiddleware(Object(Illuminate/Routing/Route))
#6 C:/Users/Usuario/Desktop/reservaya-complete/backend/vendor/laravel/framework/src/Illuminate/Routing/Router.php(786): Illuminate/Routing/Router->runRouteWithinStack(Object(Illuminate/Routing/Route), Object(Illuminate/Http/Request))
#7 C:/Users/Usuario/Desktop/reservaya-complete/backend/vendor/laravel/framework/src/Illuminate/Routing/Router.php(750): Illuminate/Routing/Router->runRoute(Object(Illuminate/Http/Request), Object(Illuminate/Routing/Route))
#8 C:/Users/Usuario/Desktop/reservaya-complete/backend/vendor/laravel/framework/src/Illuminate/Routing/Router.php(739): Illuminate/Routing/Router->dispatchToRoute(Object(Illuminate/Http/Request))
#9 C:/Users/Usuario/Desktop/reservaya-complete/backend/vendor/laravel/framework/src/Illuminate/Foundation/Http/Kernel.php(201): Illuminate/Routing/Router->dispatch(Object(Illuminate/Http/Request))
#10 C:/Users/Usuario/Desktop/reservaya-complete/backend/vendor/laravel/framework/src/Illuminate/Pipeline/Pipeline.php(170): Illuminate/Foundation/Http/Kernel->Illuminate/Foundation/Http/{closure}(Object(Illuminate/Http/Request))
#11 C:/Users/Usuario/Desktop/reservaya-complete/backend/app/Http/Middleware/CorsMiddleware.php(32): Illuminate/Pipeline/Pipeline->Illuminate/Pipeline/{closure}(Object(Illuminate/Http/Request))
#12 C:/Users/Usuario/Desktop/reservaya-complete/backend/vendor/laravel/framework/src/Illuminate/Pipeline/Pipeline.php(209): App/Http/Middleware/CorsMiddleware->handle(Object(Illuminate/Http/Request), Object(Closure))
#13 C:/Users/Usuario/Desktop/reservaya-complete/backend/vendor/laravel/framework/src/Illuminate/Pipeline/Pipeline.php(127): Illuminate/Pipeline/Pipeline->Illuminate/Pipeline/{closure}(Object(Illuminate/Http/Request))
#14 C:/Users/Usuario/Desktop/reservaya-complete/backend/vendor/laravel/framework/src/Illuminate/Foundation/Http/Kernel.php(176): Illuminate/Pipeline/Pipeline->then(Object(Closure))
#15 C:/Users/Usuario/Desktop/reservaya-complete/backend/vendor/laravel/framework/src/Illuminate/Foundation/Http/Kernel.php(145): Illuminate/Foundation/Http/Kernel->sendRequestThroughRouter(Object(Illuminate/Http/Request))
#16 C:/Users/Usuario/Desktop/reservaya-complete/backend/vendor/laravel/framework/src/Illuminate/Foundation/Application.php(1220): Illuminate/Foundation/Http/Kernel->handle(Object(Illuminate/Http/Request))
#17 C:/Users/Usuario/Desktop/reservaya-complete/backend/public/index.php(14): Illuminate/Foundation/Application->handleRequest(Object(Illuminate/Http/Request))
#18 C:/Users/Usuario/Desktop/reservaya-complete/backend/vendor/laravel/framework/src/Illuminate/Foundation/resources/server.php(23): require_once('C://Users//Usuari...')
#19 {main}
"} 
[2026-05-01 10:32:05] local.ERROR: syntax error, unexpected token "{", expecting "function" or "const" {"exception":"[object] (ParseError(code: 0): syntax error, unexpected token \"{\", expecting \"function\" or \"const\" at C:/Users/Usuario/Desktop/reservaya-complete/backend/app/Http/Controllers/Api/OwnerMenuController.php:115)
[stacktrace]
#0 C:/Users/Usuario/Desktop/reservaya-complete/backend/vendor/composer/ClassLoader.php(427): Composer/Autoload/{closure}('C://Users//Usuari...')
#1 [internal function]: Composer/Autoload/ClassLoader->loadClass('App//Http//Contro...')
#2 C:/Users/Usuario/Desktop/reservaya-complete/backend/vendor/laravel/framework/src/Illuminate/Routing/Route.php(1117): is_a('App//Http//Contro...', 'Illuminate//Rout...', true)
#3 C:/Users/Usuario/Desktop/reservaya-complete/backend/vendor/laravel/framework/src/Illuminate/Routing/Route.php(1054): Illuminate/Routing/Route->controllerMiddleware()
#4 C:/Users/Usuario/Desktop/reservaya-complete/backend/vendor/laravel/framework/src/Illuminate/Routing/Router.php(820): Illuminate/Routing/Route->gatherMiddleware()
#5 C:/Users/Usuario/Desktop/reservaya-complete/backend/vendor/laravel/framework/src/Illuminate/Routing/Router.php(802): Illuminate/Routing/Router->gatherRouteMiddleware(Object(Illuminate/Routing/Route))
#6 C:/Users/Usuario/Desktop/reservaya-complete/backend/vendor/laravel/framework/src/Illuminate/Routing/Router.php(786): Illuminate/Routing/Router->runRouteWithinStack(Object(Illuminate/Routing/Route), Object(Illuminate/Http/Request))
#7 C:/Users/Usuario/Desktop/reservaya-complete/backend/vendor/laravel/framework/src/Illuminate/Routing/Router.php(750): Illuminate/Routing/Router->runRoute(Object(Illuminate/Http/Request), Object(Illuminate/Routing/Route))
#8 C:/Users/Usuario/Desktop/reservaya-complete/backend/vendor/laravel/framework/src/Illuminate/Routing/Router.php(739): Illuminate/Routing/Router->dispatchToRoute(Object(Illuminate/Http/Request))
#9 C:/Users/Usuario/Desktop/reservaya-complete/backend/vendor/laravel/framework/src/Illuminate/Foundation/Http/Kernel.php(201): Illuminate/Routing/Router->dispatch(Object(Illuminate/Http/Request))
#10 C:/Users/Usuario/Desktop/reservaya-complete/backend/vendor/laravel/framework/src/Illuminate/Pipeline/Pipeline.php(170): Illuminate/Foundation/Http/Kernel->Illuminate/Foundation/Http/{closure}(Object(Illuminate/Http/Request))
#11 C:/Users/Usuario/Desktop/reservaya-complete/backend/app/Http/Middleware/CorsMiddleware.php(32): Illuminate/Pipeline/Pipeline->Illuminate/Pipeline/{closure}(Object(Illuminate/Http/Request))
#12 C:/Users/Usuario/Desktop/reservaya-complete/backend/vendor/laravel/framework/src/Illuminate/Pipeline/Pipeline.php(209): App/Http/Middleware/CorsMiddleware->handle(Object(Illuminate/Http/Request), Object(Closure))
#13 C:/Users/Usuario/Desktop/reservaya-complete/backend/vendor/laravel/framework/src/Illuminate/Pipeline/Pipeline.php(127): Illuminate/Pipeline/Pipeline->Illuminate/Pipeline/{closure}(Object(Illuminate/Http/Request))
#14 C:/Users/Usuario/Desktop/reservaya-complete/backend/vendor/laravel/framework/src/Illuminate/Foundation/Http/Kernel.php(176): Illuminate/Pipeline/Pipeline->then(Object(Closure))
#15 C:/Users/Usuario/Desktop/reservaya-complete/backend/vendor/laravel/framework/src/Illuminate/Foundation/Http/Kernel.php(145): Illuminate/Foundation/Http/Kernel->sendRequestThroughRouter(Object(Illuminate/Http/Request))
#16 C:/Users/Usuario/Desktop/reservaya-complete/backend/vendor/laravel/framework/src/Illuminate/Foundation/Application.php(1220): Illuminate/Foundation/Http/Kernel->handle(Object(Illuminate/Http/Request))
#17 C:/Users/Usuario/Desktop/reservaya-complete/backend/public/index.php(14): Illuminate/Foundation/Application->handleRequest(Object(Illuminate/Http/Request))
#18 C:/Users/Usuario/Desktop/reservaya-complete/backend/vendor/laravel/framework/src/Illuminate/Foundation/resources/server.php(23): require_once('C://Users//Usuari...')
#19 {main}
"} 
[2026-05-01 10:32:06] local.ERROR: syntax error, unexpected token "{", expecting "function" or "const" {"exception":"[object] (ParseError(code: 0): syntax error, unexpected token \"{\", expecting \"function\" or \"const\" at C:/Users/Usuario/Desktop/reservaya-complete/backend/app/Http/Controllers/Api/OwnerMenuController.php:115)
[stacktrace]
#0 C:/Users/Usuario/Desktop/reservaya-complete/backend/vendor/composer/ClassLoader.php(427): Composer/Autoload/{closure}('C://Users//Usuari...')
#1 [internal function]: Composer/Autoload/ClassLoader->loadClass('App//Http//Contro...')
#2 C:/Users/Usuario/Desktop/reservaya-complete/backend/vendor/laravel/framework/src/Illuminate/Routing/Route.php(1117): is_a('App//Http//Contro...', 'Illuminate//Rout...', true)
#3 C:/Users/Usuario/Desktop/reservaya-complete/backend/vendor/laravel/framework/src/Illuminate/Routing/Route.php(1054): Illuminate/Routing/Route->controllerMiddleware()
#4 C:/Users/Usuario/Desktop/reservaya-complete/backend/vendor/laravel/framework/src/Illuminate/Routing/Router.php(820): Illuminate/Routing/Route->gatherMiddleware()
#5 C:/Users/Usuario/Desktop/reservaya-complete/backend/vendor/laravel/framework/src/Illuminate/Routing/Router.php(802): Illuminate/Routing/Router->gatherRouteMiddleware(Object(Illuminate/Routing/Route))
#6 C:/Users/Usuario/Desktop/reservaya-complete/backend/vendor/laravel/framework/src/Illuminate/Routing/Router.php(786): Illuminate/Routing/Router->runRouteWithinStack(Object(Illuminate/Routing/Route), Object(Illuminate/Http/Request))
#7 C:/Users/Usuario/Desktop/reservaya-complete/backend/vendor/laravel/framework/src/Illuminate/Routing/Router.php(750): Illuminate/Routing/Router->runRoute(Object(Illuminate/Http/Request), Object(Illuminate/Routing/Route))
#8 C:/Users/Usuario/Desktop/reservaya-complete/backend/vendor/laravel/framework/src/Illuminate/Routing/Router.php(739): Illuminate/Routing/Router->dispatchToRoute(Object(Illuminate/Http/Request))
#9 C:/Users/Usuario/Desktop/reservaya-complete/backend/vendor/laravel/framework/src/Illuminate/Foundation/Http/Kernel.php(201): Illuminate/Routing/Router->dispatch(Object(Illuminate/Http/Request))
#10 C:/Users/Usuario/Desktop/reservaya-complete/backend/vendor/laravel/framework/src/Illuminate/Pipeline/Pipeline.php(170): Illuminate/Foundation/Http/Kernel->Illuminate/Foundation/Http/{closure}(Object(Illuminate/Http/Request))
#11 C:/Users/Usuario/Desktop/reservaya-complete/backend/app/Http/Middleware/CorsMiddleware.php(32): Illuminate/Pipeline/Pipeline->Illuminate/Pipeline/{closure}(Object(Illuminate/Http/Request))
#12 C:/Users/Usuario/Desktop/reservaya-complete/backend/vendor/laravel/framework/src/Illuminate/Pipeline/Pipeline.php(209): App/Http/Middleware/CorsMiddleware->handle(Object(Illuminate/Http/Request), Object(Closure))
#13 C:/Users/Usuario/Desktop/reservaya-complete/backend/vendor/laravel/framework/src/Illuminate/Pipeline/Pipeline.php(127): Illuminate/Pipeline/Pipeline->Illuminate/Pipeline/{closure}(Object(Illuminate/Http/Request))
#14 C:/Users/Usuario/Desktop/reservaya-complete/backend/vendor/laravel/framework/src/Illuminate/Foundation/Http/Kernel.php(176): Illuminate/Pipeline/Pipeline->then(Object(Closure))
#15 C:/Users/Usuario/Desktop/reservaya-complete/backend/vendor/laravel/framework/src/Illuminate/Foundation/Http/Kernel.php(145): Illuminate/Foundation/Http/Kernel->sendRequestThroughRouter(Object(Illuminate/Http/Request))
#16 C:/Users/Usuario/Desktop/reservaya-complete/backend/vendor/laravel/framework/src/Illuminate/Foundation/Application.php(1220): Illuminate/Foundation/Http/Kernel->handle(Object(Illuminate/Http/Request))
#17 C:/Users/Usuario/Desktop/reservaya-complete/backend/public/index.php(14): Illuminate/Foundation/Application->handleRequest(Object(Illuminate/Http/Request))
#18 C:/Users/Usuario/Desktop/reservaya-complete/backend/vendor/laravel/framework/src/Illuminate/Foundation/resources/server.php(23): require_once('C://Users//Usuari...')
#19 {main}
"} 
[2026-05-01 10:33:07] local.ERROR: syntax error, unexpected token "{", expecting "function" or "const" {"exception":"[object] (ParseError(code: 0): syntax error, unexpected token \"{\", expecting \"function\" or \"const\" at C:/Users/Usuario/Desktop/reservaya-complete/backend/app/Http/Controllers/Api/OwnerMenuController.php:115)
[stacktrace]
#0 C:/Users/Usuario/Desktop/reservaya-complete/backend/vendor/composer/ClassLoader.php(427): Composer/Autoload/{closure}('C://Users//Usuari...')
#1 [internal function]: Composer/Autoload/ClassLoader->loadClass('App//Http//Contro...')
#2 C:/Users/Usuario/Desktop/reservaya-complete/backend/vendor/laravel/framework/src/Illuminate/Routing/Route.php(1117): is_a('App//Http//Contro...', 'Illuminate//Rout...', true)
#3 C:/Users/Usuario/Desktop/reservaya-complete/backend/vendor/laravel/framework/src/Illuminate/Routing/Route.php(1054): Illuminate/Routing/Route->controllerMiddleware()
#4 C:/Users/Usuario/Desktop/reservaya-complete/backend/vendor/laravel/framework/src/Illuminate/Routing/Router.php(820): Illuminate/Routing/Route->gatherMiddleware()
#5 C:/Users/Usuario/Desktop/reservaya-complete/backend/vendor/laravel/framework/src/Illuminate/Routing/Router.php(802): Illuminate/Routing/Router->gatherRouteMiddleware(Object(Illuminate/Routing/Route))
#6 C:/Users/Usuario/Desktop/reservaya-complete/backend/vendor/laravel/framework/src/Illuminate/Routing/Router.php(786): Illuminate/Routing/Router->runRouteWithinStack(Object(Illuminate/Routing/Route), Object(Illuminate/Http/Request))
#7 C:/Users/Usuario/Desktop/reservaya-complete/backend/vendor/laravel/framework/src/Illuminate/Routing/Router.php(750): Illuminate/Routing/Router->runRoute(Object(Illuminate/Http/Request), Object(Illuminate/Routing/Route))
#8 C:/Users/Usuario/Desktop/reservaya-complete/backend/vendor/laravel/framework/src/Illuminate/Routing/Router.php(739): Illuminate/Routing/Router->dispatchToRoute(Object(Illuminate/Http/Request))
#9 C:/Users/Usuario/Desktop/reservaya-complete/backend/vendor/laravel/framework/src/Illuminate/Foundation/Http/Kernel.php(201): Illuminate/Routing/Router->dispatch(Object(Illuminate/Http/Request))
#10 C:/Users/Usuario/Desktop/reservaya-complete/backend/vendor/laravel/framework/src/Illuminate/Pipeline/Pipeline.php(170): Illuminate/Foundation/Http/Kernel->Illuminate/Foundation/Http/{closure}(Object(Illuminate/Http/Request))
#11 C:/Users/Usuario/Desktop/reservaya-complete/backend/app/Http/Middleware/CorsMiddleware.php(32): Illuminate/Pipeline/Pipeline->Illuminate/Pipeline/{closure}(Object(Illuminate/Http/Request))
#12 C:/Users/Usuario/Desktop/reservaya-complete/backend/vendor/laravel/framework/src/Illuminate/Pipeline/Pipeline.php(209): App/Http/Middleware/CorsMiddleware->handle(Object(Illuminate/Http/Request), Object(Closure))
#13 C:/Users/Usuario/Desktop/reservaya-complete/backend/vendor/laravel/framework/src/Illuminate/Pipeline/Pipeline.php(127): Illuminate/Pipeline/Pipeline->Illuminate/Pipeline/{closure}(Object(Illuminate/Http/Request))
#14 C:/Users/Usuario/Desktop/reservaya-complete/backend/vendor/laravel/framework/src/Illuminate/Foundation/Http/Kernel.php(176): Illuminate/Pipeline/Pipeline->then(Object(Closure))
#15 C:/Users/Usuario/Desktop/reservaya-complete/backend/vendor/laravel/framework/src/Illuminate/Foundation/Http/Kernel.php(145): Illuminate/Foundation/Http/Kernel->sendRequestThroughRouter(Object(Illuminate/Http/Request))
#16 C:/Users/Usuario/Desktop/reservaya-complete/backend/vendor/laravel/framework/src/Illuminate/Foundation/Application.php(1220): Illuminate/Foundation/Http/Kernel->handle(Object(Illuminate/Http/Request))
#17 C:/Users/Usuario/Desktop/reservaya-complete/backend/public/index.php(14): Illuminate/Foundation/Application->handleRequest(Object(Illuminate/Http/Request))
#18 C:/Users/Usuario/Desktop/reservaya-complete/backend/vendor/laravel/framework/src/Illuminate/Foundation/resources/server.php(23): require_once('C://Users//Usuari...')
#19 {main}
"} 
[2026-05-01 10:33:08] local.ERROR: syntax error, unexpected token "{", expecting "function" or "const" {"exception":"[object] (ParseError(code: 0): syntax error, unexpected token \"{\", expecting \"function\" or \"const\" at C:/Users/Usuario/Desktop/reservaya-complete/backend/app/Http/Controllers/Api/OwnerMenuController.php:115)
[stacktrace]
#0 C:/Users/Usuario/Desktop/reservaya-complete/backend/vendor/composer/ClassLoader.php(427): Composer/Autoload/{closure}('C://Users//Usuari...')
#1 [internal function]: Composer/Autoload/ClassLoader->loadClass('App//Http//Contro...')
#2 C:/Users/Usuario/Desktop/reservaya-complete/backend/vendor/laravel/framework/src/Illuminate/Routing/Route.php(1117): is_a('App//Http//Contro...', 'Illuminate//Rout...', true)
#3 C:/Users/Usuario/Desktop/reservaya-complete/backend/vendor/laravel/framework/src/Illuminate/Routing/Route.php(1054): Illuminate/Routing/Route->controllerMiddleware()
#4 C:/Users/Usuario/Desktop/reservaya-complete/backend/vendor/laravel/framework/src/Illuminate/Routing/Router.php(820): Illuminate/Routing/Route->gatherMiddleware()
#5 C:/Users/Usuario/Desktop/reservaya-complete/backend/vendor/laravel/framework/src/Illuminate/Routing/Router.php(802): Illuminate/Routing/Router->gatherRouteMiddleware(Object(Illuminate/Routing/Route))
#6 C:/Users/Usuario/Desktop/reservaya-complete/backend/vendor/laravel/framework/src/Illuminate/Routing/Router.php(786): Illuminate/Routing/Router->runRouteWithinStack(Object(Illuminate/Routing/Route), Object(Illuminate/Http/Request))
#7 C:/Users/Usuario/Desktop/reservaya-complete/backend/vendor/laravel/framework/src/Illuminate/Routing/Router.php(750): Illuminate/Routing/Router->runRoute(Object(Illuminate/Http/Request), Object(Illuminate/Routing/Route))
#8 C:/Users/Usuario/Desktop/reservaya-complete/backend/vendor/laravel/framework/src/Illuminate/Routing/Router.php(739): Illuminate/Routing/Router->dispatchToRoute(Object(Illuminate/Http/Request))
#9 C:/Users/Usuario/Desktop/reservaya-complete/backend/vendor/laravel/framework/src/Illuminate/Foundation/Http/Kernel.php(201): Illuminate/Routing/Router->dispatch(Object(Illuminate/Http/Request))
#10 C:/Users/Usuario/Desktop/reservaya-complete/backend/vendor/laravel/framework/src/Illuminate/Pipeline/Pipeline.php(170): Illuminate/Foundation/Http/Kernel->Illuminate/Foundation/Http/{closure}(Object(Illuminate/Http/Request))
#11 C:/Users/Usuario/Desktop/reservaya-complete/backend/app/Http/Middleware/CorsMiddleware.php(32): Illuminate/Pipeline/Pipeline->Illuminate/Pipeline/{closure}(Object(Illuminate/Http/Request))
#12 C:/Users/Usuario/Desktop/reservaya-complete/backend/vendor/laravel/framework/src/Illuminate/Pipeline/Pipeline.php(209): App/Http/Middleware/CorsMiddleware->handle(Object(Illuminate/Http/Request), Object(Closure))
#13 C:/Users/Usuario/Desktop/reservaya-complete/backend/vendor/laravel/framework/src/Illuminate/Pipeline/Pipeline.php(127): Illuminate/Pipeline/Pipeline->Illuminate/Pipeline/{closure}(Object(Illuminate/Http/Request))
#14 C:/Users/Usuario/Desktop/reservaya-complete/backend/vendor/laravel/framework/src/Illuminate/Foundation/Http/Kernel.php(176): Illuminate/Pipeline/Pipeline->then(Object(Closure))
#15 C:/Users/Usuario/Desktop/reservaya-complete/backend/vendor/laravel/framework/src/Illuminate/Foundation/Http/Kernel.php(145): Illuminate/Foundation/Http/Kernel->sendRequestThroughRouter(Object(Illuminate/Http/Request))
#16 C:/Users/Usuario/Desktop/reservaya-complete/backend/vendor/laravel/framework/src/Illuminate/Foundation/Application.php(1220): Illuminate/Foundation/Http/Kernel->handle(Object(Illuminate/Http/Request))
#17 C:/Users/Usuario/Desktop/reservaya-complete/backend/public/index.php(14): Illuminate/Foundation/Application->handleRequest(Object(Illuminate/Http/Request))
#18 C:/Users/Usuario/Desktop/reservaya-complete/backend/vendor/laravel/framework/src/Illuminate/Foundation/resources/server.php(23): require_once('C://Users//Usuari...')
#19 {main}
"} 
[2026-05-01 10:33:14] local.ERROR: syntax error, unexpected token "{", expecting "function" or "const" {"exception":"[object] (ParseError(code: 0): syntax error, unexpected token \"{\", expecting \"function\" or \"const\" at C:/Users/Usuario/Desktop/reservaya-complete/backend/app/Http/Controllers/Api/OwnerMenuController.php:115)
[stacktrace]
#0 C:/Users/Usuario/Desktop/reservaya-complete/backend/vendor/composer/ClassLoader.php(427): Composer/Autoload/{closure}('C://Users//Usuari...')
#1 [internal function]: Composer/Autoload/ClassLoader->loadClass('App//Http//Contro...')
#2 C:/Users/Usuario/Desktop/reservaya-complete/backend/vendor/laravel/framework/src/Illuminate/Routing/Route.php(1117): is_a('App//Http//Contro...', 'Illuminate//Rout...', true)
#3 C:/Users/Usuario/Desktop/reservaya-complete/backend/vendor/laravel/framework/src/Illuminate/Routing/Route.php(1054): Illuminate/Routing/Route->controllerMiddleware()
#4 C:/Users/Usuario/Desktop/reservaya-complete/backend/vendor/laravel/framework/src/Illuminate/Routing/Router.php(820): Illuminate/Routing/Route->gatherMiddleware()
#5 C:/Users/Usuario/Desktop/reservaya-complete/backend/vendor/laravel/framework/src/Illuminate/Routing/Router.php(802): Illuminate/Routing/Router->gatherRouteMiddleware(Object(Illuminate/Routing/Route))
#6 C:/Users/Usuario/Desktop/reservaya-complete/backend/vendor/laravel/framework/src/Illuminate/Routing/Router.php(786): Illuminate/Routing/Router->runRouteWithinStack(Object(Illuminate/Routing/Route), Object(Illuminate/Http/Request))
#7 C:/Users/Usuario/Desktop/reservaya-complete/backend/vendor/laravel/framework/src/Illuminate/Routing/Router.php(750): Illuminate/Routing/Router->runRoute(Object(Illuminate/Http/Request), Object(Illuminate/Routing/Route))
#8 C:/Users/Usuario/Desktop/reservaya-complete/backend/vendor/laravel/framework/src/Illuminate/Routing/Router.php(739): Illuminate/Routing/Router->dispatchToRoute(Object(Illuminate/Http/Request))
#9 C:/Users/Usuario/Desktop/reservaya-complete/backend/vendor/laravel/framework/src/Illuminate/Foundation/Http/Kernel.php(201): Illuminate/Routing/Router->dispatch(Object(Illuminate/Http/Request))
#10 C:/Users/Usuario/Desktop/reservaya-complete/backend/vendor/laravel/framework/src/Illuminate/Pipeline/Pipeline.php(170): Illuminate/Foundation/Http/Kernel->Illuminate/Foundation/Http/{closure}(Object(Illuminate/Http/Request))
#11 C:/Users/Usuario/Desktop/reservaya-complete/backend/app/Http/Middleware/CorsMiddleware.php(32): Illuminate/Pipeline/Pipeline->Illuminate/Pipeline/{closure}(Object(Illuminate/Http/Request))
#12 C:/Users/Usuario/Desktop/reservaya-complete/backend/vendor/laravel/framework/src/Illuminate/Pipeline/Pipeline.php(209): App/Http/Middleware/CorsMiddleware->handle(Object(Illuminate/Http/Request), Object(Closure))
#13 C:/Users/Usuario/Desktop/reservaya-complete/backend/vendor/laravel/framework/src/Illuminate/Pipeline/Pipeline.php(127): Illuminate/Pipeline/Pipeline->Illuminate/Pipeline/{closure}(Object(Illuminate/Http/Request))
#14 C:/Users/Usuario/Desktop/reservaya-complete/backend/vendor/laravel/framework/src/Illuminate/Foundation/Http/Kernel.php(176): Illuminate/Pipeline/Pipeline->then(Object(Closure))
#15 C:/Users/Usuario/Desktop/reservaya-complete/backend/vendor/laravel/framework/src/Illuminate/Foundation/Http/Kernel.php(145): Illuminate/Foundation/Http/Kernel->sendRequestThroughRouter(Object(Illuminate/Http/Request))
#16 C:/Users/Usuario/Desktop/reservaya-complete/backend/vendor/laravel/framework/src/Illuminate/Foundation/Application.php(1220): Illuminate/Foundation/Http/Kernel->handle(Object(Illuminate/Http/Request))
#17 C:/Users/Usuario/Desktop/reservaya-complete/backend/public/index.php(14): Illuminate/Foundation/Application->handleRequest(Object(Illuminate/Http/Request))
#18 C:/Users/Usuario/Desktop/reservaya-complete/backend/vendor/laravel/framework/src/Illuminate/Foundation/resources/server.php(23): require_once('C://Users//Usuari...')
#19 {main}
"} 
[2026-05-01 10:33:15] local.ERROR: syntax error, unexpected token "{", expecting "function" or "const" {"exception":"[object] (ParseError(code: 0): syntax error, unexpected token \"{\", expecting \"function\" or \"const\" at C:/Users/Usuario/Desktop/reservaya-complete/backend/app/Http/Controllers/Api/OwnerMenuController.php:115)
[stacktrace]
#0 C:/Users/Usuario/Desktop/reservaya-complete/backend/vendor/composer/ClassLoader.php(427): Composer/Autoload/{closure}('C://Users//Usuari...')
#1 [internal function]: Composer/Autoload/ClassLoader->loadClass('App//Http//Contro...')
#2 C:/Users/Usuario/Desktop/reservaya-complete/backend/vendor/laravel/framework/src/Illuminate/Routing/Route.php(1117): is_a('App//Http//Contro...', 'Illuminate//Rout...', true)
#3 C:/Users/Usuario/Desktop/reservaya-complete/backend/vendor/laravel/framework/src/Illuminate/Routing/Route.php(1054): Illuminate/Routing/Route->controllerMiddleware()
#4 C:/Users/Usuario/Desktop/reservaya-complete/backend/vendor/laravel/framework/src/Illuminate/Routing/Router.php(820): Illuminate/Routing/Route->gatherMiddleware()
#5 C:/Users/Usuario/Desktop/reservaya-complete/backend/vendor/laravel/framework/src/Illuminate/Routing/Router.php(802): Illuminate/Routing/Router->gatherRouteMiddleware(Object(Illuminate/Routing/Route))
#6 C:/Users/Usuario/Desktop/reservaya-complete/backend/vendor/laravel/framework/src/Illuminate/Routing/Router.php(786): Illuminate/Routing/Router->runRouteWithinStack(Object(Illuminate/Routing/Route), Object(Illuminate/Http/Request))
#7 C:/Users/Usuario/Desktop/reservaya-complete/backend/vendor/laravel/framework/src/Illuminate/Routing/Router.php(750): Illuminate/Routing/Router->runRoute(Object(Illuminate/Http/Request), Object(Illuminate/Routing/Route))
#8 C:/Users/Usuario/Desktop/reservaya-complete/backend/vendor/laravel/framework/src/Illuminate/Routing/Router.php(739): Illuminate/Routing/Router->dispatchToRoute(Object(Illuminate/Http/Request))
#9 C:/Users/Usuario/Desktop/reservaya-complete/backend/vendor/laravel/framework/src/Illuminate/Foundation/Http/Kernel.php(201): Illuminate/Routing/Router->dispatch(Object(Illuminate/Http/Request))
#10 C:/Users/Usuario/Desktop/reservaya-complete/backend/vendor/laravel/framework/src/Illuminate/Pipeline/Pipeline.php(170): Illuminate/Foundation/Http/Kernel->Illuminate/Foundation/Http/{closure}(Object(Illuminate/Http/Request))
#11 C:/Users/Usuario/Desktop/reservaya-complete/backend/app/Http/Middleware/CorsMiddleware.php(32): Illuminate/Pipeline/Pipeline->Illuminate/Pipeline/{closure}(Object(Illuminate/Http/Request))
#12 C:/Users/Usuario/Desktop/reservaya-complete/backend/vendor/laravel/framework/src/Illuminate/Pipeline/Pipeline.php(209): App/Http/Middleware/CorsMiddleware->handle(Object(Illuminate/Http/Request), Object(Closure))
#13 C:/Users/Usuario/Desktop/reservaya-complete/backend/vendor/laravel/framework/src/Illuminate/Pipeline/Pipeline.php(127): Illuminate/Pipeline/Pipeline->Illuminate/Pipeline/{closure}(Object(Illuminate/Http/Request))
#14 C:/Users/Usuario/Desktop/reservaya-complete/backend/vendor/laravel/framework/src/Illuminate/Foundation/Http/Kernel.php(176): Illuminate/Pipeline/Pipeline->then(Object(Closure))
#15 C:/Users/Usuario/Desktop/reservaya-complete/backend/vendor/laravel/framework/src/Illuminate/Foundation/Http/Kernel.php(145): Illuminate/Foundation/Http/Kernel->sendRequestThroughRouter(Object(Illuminate/Http/Request))
#16 C:/Users/Usuario/Desktop/reservaya-complete/backend/vendor/laravel/framework/src/Illuminate/Foundation/Application.php(1220): Illuminate/Foundation/Http/Kernel->handle(Object(Illuminate/Http/Request))
#17 C:/Users/Usuario/Desktop/reservaya-complete/backend/public/index.php(14): Illuminate/Foundation/Application->handleRequest(Object(Illuminate/Http/Request))
#18 C:/Users/Usuario/Desktop/reservaya-complete/backend/vendor/laravel/framework/src/Illuminate/Foundation/resources/server.php(23): require_once('C://Users//Usuari...')
#19 {main}
"} 
[2026-05-01 10:44:23] local.ERROR: PHP Parse error: Syntax error, unexpected T_NS_SEPARATOR on line 2 {"exception":"[object] (Psy\\Exception\\ParseErrorException(code: 0): PHP Parse error: Syntax error, unexpected T_NS_SEPARATOR on line 2 at C:/Users/Usuario/Desktop/reservaya-complete/backend/vendor/psy/psysh/src/Exception/ParseErrorException.php:44)
[stacktrace]
#0 C:/Users/Usuario/Desktop/reservaya-complete/backend/vendor/psy/psysh/src/CodeCleaner.php(657): Psy/Exception/ParseErrorException::fromParseError(Object(PhpParser/Error))
#1 C:/Users/Usuario/Desktop/reservaya-complete/backend/vendor/psy/psysh/src/CodeCleaner.php(273): Psy/CodeCleaner->parse('<?php /n// = App//...', false)
#2 C:/Users/Usuario/Desktop/reservaya-complete/backend/vendor/psy/psysh/src/Shell.php(1358): Psy/CodeCleaner->clean(Array, false)
#3 C:/Users/Usuario/Desktop/reservaya-complete/backend/vendor/psy/psysh/src/Shell.php(1465): Psy/Shell->appendCode('/n// = App//Models...', true, false)
#4 C:/Users/Usuario/Desktop/reservaya-complete/backend/vendor/psy/psysh/src/Shell.php(2173): Psy/Shell->setCode('/n// = App//Models...', true)
#5 C:/Users/Usuario/Desktop/reservaya-complete/backend/vendor/laravel/tinker/src/Console/TinkerCommand.php(77): Psy/Shell->execute('/n// = App//Models...')
#6 C:/Users/Usuario/Desktop/reservaya-complete/backend/vendor/laravel/framework/src/Illuminate/Container/BoundMethod.php(36): Laravel/Tinker/Console/TinkerCommand->handle()
#7 C:/Users/Usuario/Desktop/reservaya-complete/backend/vendor/laravel/framework/src/Illuminate/Container/Util.php(43): Illuminate/Container/BoundMethod::Illuminate/Container/{closure}()
#8 C:/Users/Usuario/Desktop/reservaya-complete/backend/vendor/laravel/framework/src/Illuminate/Container/BoundMethod.php(95): Illuminate/Container/Util::unwrapIfClosure(Object(Closure))
#9 C:/Users/Usuario/Desktop/reservaya-complete/backend/vendor/laravel/framework/src/Illuminate/Container/BoundMethod.php(35): Illuminate/Container/BoundMethod::callBoundMethod(Object(Illuminate/Foundation/Application), Array, Object(Closure))
#10 C:/Users/Usuario/Desktop/reservaya-complete/backend/vendor/laravel/framework/src/Illuminate/Container/Container.php(696): Illuminate/Container/BoundMethod::call(Object(Illuminate/Foundation/Application), Array, Array, NULL)
#11 C:/Users/Usuario/Desktop/reservaya-complete/backend/vendor/laravel/framework/src/Illuminate/Console/Command.php(213): Illuminate/Container/Container->call(Array)
#12 C:/Users/Usuario/Desktop/reservaya-complete/backend/vendor/symfony/console/Command/Command.php(341): Illuminate/Console/Command->execute(Object(Symfony/Component/Console/Input/ArgvInput), Object(Illuminate/Console/OutputStyle))
#13 C:/Users/Usuario/Desktop/reservaya-complete/backend/vendor/laravel/framework/src/Illuminate/Console/Command.php(182): Symfony/Component/Console/Command/Command->run(Object(Symfony/Component/Console/Input/ArgvInput), Object(Illuminate/Console/OutputStyle))
#14 C:/Users/Usuario/Desktop/reservaya-complete/backend/vendor/symfony/console/Application.php(1117): Illuminate/Console/Command->run(Object(Symfony/Component/Console/Input/ArgvInput), Object(Symfony/Component/Console/Output/ConsoleOutput))
#15 C:/Users/Usuario/Desktop/reservaya-complete/backend/vendor/symfony/console/Application.php(356): Symfony/Component/Console/Application->doRunCommand(Object(Laravel/Tinker/Console/TinkerCommand), Object(Symfony/Component/Console/Input/ArgvInput), Object(Symfony/Component/Console/Output/ConsoleOutput))
#16 C:/Users/Usuario/Desktop/reservaya-complete/backend/vendor/symfony/console/Application.php(195): Symfony/Component/Console/Application->doRun(Object(Symfony/Component/Console/Input/ArgvInput), Object(Symfony/Component/Console/Output/ConsoleOutput))
#17 C:/Users/Usuario/Desktop/reservaya-complete/backend/vendor/laravel/framework/src/Illuminate/Foundation/Console/Kernel.php(198): Symfony/Component/Console/Application->run(Object(Symfony/Component/Console/Input/ArgvInput), Object(Symfony/Component/Console/Output/ConsoleOutput))
#18 C:/Users/Usuario/Desktop/reservaya-complete/backend/artisan(16): Illuminate/Foundation/Console/Kernel->handle(Object(Symfony/Component/Console/Input/ArgvInput), Object(Symfony/Component/Console/Output/ConsoleOutput))
#19 {main}
"} 
[2026-05-01 10:52:35] local.ERROR: PHP Parse error: Syntax error, unexpected T_NS_SEPARATOR, expecting T_VARIABLE on line 1 {"exception":"[object] (Psy\\Exception\\ParseErrorException(code: 0): PHP Parse error: Syntax error, unexpected T_NS_SEPARATOR, expecting T_VARIABLE on line 1 at C:/Users/Usuario/Desktop/reservaya-complete/backend/vendor/psy/psysh/src/Exception/ParseErrorException.php:44)
[stacktrace]
#0 C:/Users/Usuario/Desktop/reservaya-complete/backend/vendor/psy/psysh/src/CodeCleaner.php(657): Psy/Exception/ParseErrorException::fromParseError(Object(PhpParser/Error))
#1 C:/Users/Usuario/Desktop/reservaya-complete/backend/vendor/psy/psysh/src/CodeCleaner.php(273): Psy/CodeCleaner->parse('<?php App//Model...', false)
#2 C:/Users/Usuario/Desktop/reservaya-complete/backend/vendor/psy/psysh/src/Shell.php(1358): Psy/CodeCleaner->clean(Array, false)
#3 C:/Users/Usuario/Desktop/reservaya-complete/backend/vendor/psy/psysh/src/Shell.php(1465): Psy/Shell->appendCode('App//Models//Rest...', true, false)
#4 C:/Users/Usuario/Desktop/reservaya-complete/backend/vendor/psy/psysh/src/Shell.php(2173): Psy/Shell->setCode('App//Models//Rest...', true)
#5 C:/Users/Usuario/Desktop/reservaya-complete/backend/vendor/laravel/tinker/src/Console/TinkerCommand.php(77): Psy/Shell->execute('App//Models//Rest...')
#6 C:/Users/Usuario/Desktop/reservaya-complete/backend/vendor/laravel/framework/src/Illuminate/Container/BoundMethod.php(36): Laravel/Tinker/Console/TinkerCommand->handle()
#7 C:/Users/Usuario/Desktop/reservaya-complete/backend/vendor/laravel/framework/src/Illuminate/Container/Util.php(43): Illuminate/Container/BoundMethod::Illuminate/Container/{closure}()
#8 C:/Users/Usuario/Desktop/reservaya-complete/backend/vendor/laravel/framework/src/Illuminate/Container/BoundMethod.php(95): Illuminate/Container/Util::unwrapIfClosure(Object(Closure))
#9 C:/Users/Usuario/Desktop/reservaya-complete/backend/vendor/laravel/framework/src/Illuminate/Container/BoundMethod.php(35): Illuminate/Container/BoundMethod::callBoundMethod(Object(Illuminate/Foundation/Application), Array, Object(Closure))
#10 C:/Users/Usuario/Desktop/reservaya-complete/backend/vendor/laravel/framework/src/Illuminate/Container/Container.php(696): Illuminate/Container/BoundMethod::call(Object(Illuminate/Foundation/Application), Array, Array, NULL)
#11 C:/Users/Usuario/Desktop/reservaya-complete/backend/vendor/laravel/framework/src/Illuminate/Console/Command.php(213): Illuminate/Container/Container->call(Array)
#12 C:/Users/Usuario/Desktop/reservaya-complete/backend/vendor/symfony/console/Command/Command.php(341): Illuminate/Console/Command->execute(Object(Symfony/Component/Console/Input/ArgvInput), Object(Illuminate/Console/OutputStyle))
#13 C:/Users/Usuario/Desktop/reservaya-complete/backend/vendor/laravel/framework/src/Illuminate/Console/Command.php(182): Symfony/Component/Console/Command/Command->run(Object(Symfony/Component/Console/Input/ArgvInput), Object(Illuminate/Console/OutputStyle))
#14 C:/Users/Usuario/Desktop/reservaya-complete/backend/vendor/symfony/console/Application.php(1117): Illuminate/Console/Command->run(Object(Symfony/Component/Console/Input/ArgvInput), Object(Symfony/Component/Console/Output/ConsoleOutput))
#15 C:/Users/Usuario/Desktop/reservaya-complete/backend/vendor/symfony/console/Application.php(356): Symfony/Component/Console/Application->doRunCommand(Object(Laravel/Tinker/Console/TinkerCommand), Object(Symfony/Component/Console/Input/ArgvInput), Object(Symfony/Component/Console/Output/ConsoleOutput))
#16 C:/Users/Usuario/Desktop/reservaya-complete/backend/vendor/symfony/console/Application.php(195): Symfony/Component/Console/Application->doRun(Object(Symfony/Component/Console/Input/ArgvInput), Object(Symfony/Component/Console/Output/ConsoleOutput))
#17 C:/Users/Usuario/Desktop/reservaya-complete/backend/vendor/laravel/framework/src/Illuminate/Foundation/Console/Kernel.php(198): Symfony/Component/Console/Application->run(Object(Symfony/Component/Console/Input/ArgvInput), Object(Symfony/Component/Console/Output/ConsoleOutput))
#18 C:/Users/Usuario/Desktop/reservaya-complete/backend/artisan(16): Illuminate/Foundation/Console/Kernel->handle(Object(Symfony/Component/Console/Input/ArgvInput), Object(Symfony/Component/Console/Output/ConsoleOutput))
#19 {main}
"} 
[2026-05-02 15:08:04] local.ERROR: Command "server" is not defined.

Did you mean one of these?
    make:observer
    serve {"exception":"[object] (Symfony\\Component\\Console\\Exception\\CommandNotFoundException(code: 0): Command \"server\" is not defined.

Did you mean one of these?
    make:observer
    serve at C:/Users/Usuario/Desktop/reservaya-complete/backend/vendor/symfony/console/Application.php:759)
[stacktrace]
#0 C:/Users/Usuario/Desktop/reservaya-complete/backend/vendor/symfony/console/Application.php(298): Symfony/Component/Console/Application->find('server')
#1 C:/Users/Usuario/Desktop/reservaya-complete/backend/vendor/symfony/console/Application.php(195): Symfony/Component/Console/Application->doRun(Object(Symfony/Component/Console/Input/ArgvInput), Object(Symfony/Component/Console/Output/ConsoleOutput))
#2 C:/Users/Usuario/Desktop/reservaya-complete/backend/vendor/laravel/framework/src/Illuminate/Foundation/Console/Kernel.php(198): Symfony/Component/Console/Application->run(Object(Symfony/Component/Console/Input/ArgvInput), Object(Symfony/Component/Console/Output/ConsoleOutput))
#3 C:/Users/Usuario/Desktop/reservaya-complete/backend/artisan(16): Illuminate/Foundation/Console/Kernel->handle(Object(Symfony/Component/Console/Input/ArgvInput), Object(Symfony/Component/Console/Output/ConsoleOutput))
#4 {main}
"} 
[2026-05-02 15:12:34] local.WARNING: Email de confirmación no enviado: Expected response code "250" but got code "530", with message "530 5.7.1 Authentication required".  
[2026-05-03 10:33:29] local.ERROR: Route [login] not defined. {"exception":"[object] (Symfony\\Component\\Routing\\Exception\\RouteNotFoundException(code: 0): Route [login] not defined. at C:/Users/Usuario/Desktop/reservaya-complete/backend/vendor/laravel/framework/src/Illuminate/Routing/UrlGenerator.php:517)
[stacktrace]
#0 C:/Users/Usuario/Desktop/reservaya-complete/backend/vendor/laravel/framework/src/Illuminate/Foundation/helpers.php(853): Illuminate/Routing/UrlGenerator->route('login', Array, true)
#1 C:/Users/Usuario/Desktop/reservaya-complete/backend/vendor/laravel/framework/src/Illuminate/Foundation/Configuration/ApplicationBuilder.php(278): route('login')
#2 [internal function]: Illuminate/Foundation/Configuration/ApplicationBuilder->Illuminate/Foundation/Configuration/{closure}(Object(Illuminate/Http/Request))
#3 C:/Users/Usuario/Desktop/reservaya-complete/backend/vendor/laravel/framework/src/Illuminate/Auth/Middleware/Authenticate.php(118): call_user_func(Object(Closure), Object(Illuminate/Http/Request))
#4 C:/Users/Usuario/Desktop/reservaya-complete/backend/vendor/laravel/framework/src/Illuminate/Auth/Middleware/Authenticate.php(105): Illuminate/Auth/Middleware/Authenticate->redirectTo(Object(Illuminate/Http/Request))
#5 C:/Users/Usuario/Desktop/reservaya-complete/backend/vendor/laravel/framework/src/Illuminate/Auth/Middleware/Authenticate.php(88): Illuminate/Auth/Middleware/Authenticate->unauthenticated(Object(Illuminate/Http/Request), Array)
#6 C:/Users/Usuario/Desktop/reservaya-complete/backend/vendor/laravel/framework/src/Illuminate/Auth/Middleware/Authenticate.php(62): Illuminate/Auth/Middleware/Authenticate->authenticate(Object(Illuminate/Http/Request), Array)
#7 C:/Users/Usuario/Desktop/reservaya-complete/backend/vendor/laravel/framework/src/Illuminate/Pipeline/Pipeline.php(209): Illuminate/Auth/Middleware/Authenticate->handle(Object(Illuminate/Http/Request), Object(Closure), 'sanctum')
#8 C:/Users/Usuario/Desktop/reservaya-complete/backend/vendor/laravel/framework/src/Illuminate/Pipeline/Pipeline.php(127): Illuminate/Pipeline/Pipeline->Illuminate/Pipeline/{closure}(Object(Illuminate/Http/Request))
#9 C:/Users/Usuario/Desktop/reservaya-complete/backend/vendor/laravel/framework/src/Illuminate/Routing/Router.php(807): Illuminate/Pipeline/Pipeline->then(Object(Closure))
#10 C:/Users/Usuario/Desktop/reservaya-complete/backend/vendor/laravel/framework/src/Illuminate/Routing/Router.php(786): Illuminate/Routing/Router->runRouteWithinStack(Object(Illuminate/Routing/Route), Object(Illuminate/Http/Request))
#11 C:/Users/Usuario/Desktop/reservaya-complete/backend/vendor/laravel/framework/src/Illuminate/Routing/Router.php(750): Illuminate/Routing/Router->runRoute(Object(Illuminate/Http/Request), Object(Illuminate/Routing/Route))
#12 C:/Users/Usuario/Desktop/reservaya-complete/backend/vendor/laravel/framework/src/Illuminate/Routing/Router.php(739): Illuminate/Routing/Router->dispatchToRoute(Object(Illuminate/Http/Request))
#13 C:/Users/Usuario/Desktop/reservaya-complete/backend/vendor/laravel/framework/src/Illuminate/Foundation/Http/Kernel.php(201): Illuminate/Routing/Router->dispatch(Object(Illuminate/Http/Request))
#14 C:/Users/Usuario/Desktop/reservaya-complete/backend/vendor/laravel/framework/src/Illuminate/Pipeline/Pipeline.php(170): Illuminate/Foundation/Http/Kernel->Illuminate/Foundation/Http/{closure}(Object(Illuminate/Http/Request))
#15 C:/Users/Usuario/Desktop/reservaya-complete/backend/app/Http/Middleware/CorsMiddleware.php(32): Illuminate/Pipeline/Pipeline->Illuminate/Pipeline/{closure}(Object(Illuminate/Http/Request))
#16 C:/Users/Usuario/Desktop/reservaya-complete/backend/vendor/laravel/framework/src/Illuminate/Pipeline/Pipeline.php(209): App/Http/Middleware/CorsMiddleware->handle(Object(Illuminate/Http/Request), Object(Closure))
#17 C:/Users/Usuario/Desktop/reservaya-complete/backend/vendor/laravel/framework/src/Illuminate/Pipeline/Pipeline.php(127): Illuminate/Pipeline/Pipeline->Illuminate/Pipeline/{closure}(Object(Illuminate/Http/Request))
#18 C:/Users/Usuario/Desktop/reservaya-complete/backend/vendor/laravel/framework/src/Illuminate/Foundation/Http/Kernel.php(176): Illuminate/Pipeline/Pipeline->then(Object(Closure))
#19 C:/Users/Usuario/Desktop/reservaya-complete/backend/vendor/laravel/framework/src/Illuminate/Foundation/Http/Kernel.php(145): Illuminate/Foundation/Http/Kernel->sendRequestThroughRouter(Object(Illuminate/Http/Request))
#20 C:/Users/Usuario/Desktop/reservaya-complete/backend/vendor/laravel/framework/src/Illuminate/Foundation/Application.php(1220): Illuminate/Foundation/Http/Kernel->handle(Object(Illuminate/Http/Request))
#21 C:/Users/Usuario/Desktop/reservaya-complete/backend/public/index.php(14): Illuminate/Foundation/Application->handleRequest(Object(Illuminate/Http/Request))
#22 C:/Users/Usuario/Desktop/reservaya-complete/backend/vendor/laravel/framework/src/Illuminate/Foundation/resources/server.php(23): require_once('C://Users//Usuari...')
#23 {main}
"} 
[2026-05-03 10:34:39] local.ERROR: Route [login] not defined. {"exception":"[object] (Symfony\\Component\\Routing\\Exception\\RouteNotFoundException(code: 0): Route [login] not defined. at C:/Users/Usuario/Desktop/reservaya-complete/backend/vendor/laravel/framework/src/Illuminate/Routing/UrlGenerator.php:517)
[stacktrace]
#0 C:/Users/Usuario/Desktop/reservaya-complete/backend/vendor/laravel/framework/src/Illuminate/Foundation/helpers.php(853): Illuminate/Routing/UrlGenerator->route('login', Array, true)
#1 C:/Users/Usuario/Desktop/reservaya-complete/backend/vendor/laravel/framework/src/Illuminate/Foundation/Configuration/ApplicationBuilder.php(278): route('login')
#2 [internal function]: Illuminate/Foundation/Configuration/ApplicationBuilder->Illuminate/Foundation/Configuration/{closure}(Object(Illuminate/Http/Request))
#3 C:/Users/Usuario/Desktop/reservaya-complete/backend/vendor/laravel/framework/src/Illuminate/Auth/Middleware/Authenticate.php(118): call_user_func(Object(Closure), Object(Illuminate/Http/Request))
#4 C:/Users/Usuario/Desktop/reservaya-complete/backend/vendor/laravel/framework/src/Illuminate/Auth/Middleware/Authenticate.php(105): Illuminate/Auth/Middleware/Authenticate->redirectTo(Object(Illuminate/Http/Request))
#5 C:/Users/Usuario/Desktop/reservaya-complete/backend/vendor/laravel/framework/src/Illuminate/Auth/Middleware/Authenticate.php(88): Illuminate/Auth/Middleware/Authenticate->unauthenticated(Object(Illuminate/Http/Request), Array)
#6 C:/Users/Usuario/Desktop/reservaya-complete/backend/vendor/laravel/framework/src/Illuminate/Auth/Middleware/Authenticate.php(62): Illuminate/Auth/Middleware/Authenticate->authenticate(Object(Illuminate/Http/Request), Array)
#7 C:/Users/Usuario/Desktop/reservaya-complete/backend/vendor/laravel/framework/src/Illuminate/Pipeline/Pipeline.php(209): Illuminate/Auth/Middleware/Authenticate->handle(Object(Illuminate/Http/Request), Object(Closure), 'sanctum')
#8 C:/Users/Usuario/Desktop/reservaya-complete/backend/vendor/laravel/framework/src/Illuminate/Pipeline/Pipeline.php(127): Illuminate/Pipeline/Pipeline->Illuminate/Pipeline/{closure}(Object(Illuminate/Http/Request))
#9 C:/Users/Usuario/Desktop/reservaya-complete/backend/vendor/laravel/framework/src/Illuminate/Routing/Router.php(807): Illuminate/Pipeline/Pipeline->then(Object(Closure))
#10 C:/Users/Usuario/Desktop/reservaya-complete/backend/vendor/laravel/framework/src/Illuminate/Routing/Router.php(786): Illuminate/Routing/Router->runRouteWithinStack(Object(Illuminate/Routing/Route), Object(Illuminate/Http/Request))
#11 C:/Users/Usuario/Desktop/reservaya-complete/backend/vendor/laravel/framework/src/Illuminate/Routing/Router.php(750): Illuminate/Routing/Router->runRoute(Object(Illuminate/Http/Request), Object(Illuminate/Routing/Route))
#12 C:/Users/Usuario/Desktop/reservaya-complete/backend/vendor/laravel/framework/src/Illuminate/Routing/Router.php(739): Illuminate/Routing/Router->dispatchToRoute(Object(Illuminate/Http/Request))
#13 C:/Users/Usuario/Desktop/reservaya-complete/backend/vendor/laravel/framework/src/Illuminate/Foundation/Http/Kernel.php(201): Illuminate/Routing/Router->dispatch(Object(Illuminate/Http/Request))
#14 C:/Users/Usuario/Desktop/reservaya-complete/backend/vendor/laravel/framework/src/Illuminate/Pipeline/Pipeline.php(170): Illuminate/Foundation/Http/Kernel->Illuminate/Foundation/Http/{closure}(Object(Illuminate/Http/Request))
#15 C:/Users/Usuario/Desktop/reservaya-complete/backend/app/Http/Middleware/CorsMiddleware.php(32): Illuminate/Pipeline/Pipeline->Illuminate/Pipeline/{closure}(Object(Illuminate/Http/Request))
#16 C:/Users/Usuario/Desktop/reservaya-complete/backend/vendor/laravel/framework/src/Illuminate/Pipeline/Pipeline.php(209): App/Http/Middleware/CorsMiddleware->handle(Object(Illuminate/Http/Request), Object(Closure))
#17 C:/Users/Usuario/Desktop/reservaya-complete/backend/vendor/laravel/framework/src/Illuminate/Pipeline/Pipeline.php(127): Illuminate/Pipeline/Pipeline->Illuminate/Pipeline/{closure}(Object(Illuminate/Http/Request))
#18 C:/Users/Usuario/Desktop/reservaya-complete/backend/vendor/laravel/framework/src/Illuminate/Foundation/Http/Kernel.php(176): Illuminate/Pipeline/Pipeline->then(Object(Closure))
#19 C:/Users/Usuario/Desktop/reservaya-complete/backend/vendor/laravel/framework/src/Illuminate/Foundation/Http/Kernel.php(145): Illuminate/Foundation/Http/Kernel->sendRequestThroughRouter(Object(Illuminate/Http/Request))
#20 C:/Users/Usuario/Desktop/reservaya-complete/backend/vendor/laravel/framework/src/Illuminate/Foundation/Application.php(1220): Illuminate/Foundation/Http/Kernel->handle(Object(Illuminate/Http/Request))
#21 C:/Users/Usuario/Desktop/reservaya-complete/backend/public/index.php(14): Illuminate/Foundation/Application->handleRequest(Object(Illuminate/Http/Request))
#22 C:/Users/Usuario/Desktop/reservaya-complete/backend/vendor/laravel/framework/src/Illuminate/Foundation/resources/server.php(23): require_once('C://Users//Usuari...')
#23 {main}
"} 
[2026-05-08 14:00:42] local.ERROR: Command "server" is not defined.

Did you mean one of these?
    make:observer
    serve {"exception":"[object] (Symfony\\Component\\Console\\Exception\\CommandNotFoundException(code: 0): Command \"server\" is not defined.

Did you mean one of these?
    make:observer
    serve at C:/Users/Usuario/Desktop/reservaya-complete/backend/vendor/symfony/console/Application.php:759)
[stacktrace]
#0 C:/Users/Usuario/Desktop/reservaya-complete/backend/vendor/symfony/console/Application.php(298): Symfony/Component/Console/Application->find('server')
#1 C:/Users/Usuario/Desktop/reservaya-complete/backend/vendor/symfony/console/Application.php(195): Symfony/Component/Console/Application->doRun(Object(Symfony/Component/Console/Input/ArgvInput), Object(Symfony/Component/Console/Output/ConsoleOutput))
#2 C:/Users/Usuario/Desktop/reservaya-complete/backend/vendor/laravel/framework/src/Illuminate/Foundation/Console/Kernel.php(198): Symfony/Component/Console/Application->run(Object(Symfony/Component/Console/Input/ArgvInput), Object(Symfony/Component/Console/Output/ConsoleOutput))
#3 C:/Users/Usuario/Desktop/reservaya-complete/backend/artisan(16): Illuminate/Foundation/Console/Kernel->handle(Object(Symfony/Component/Console/Input/ArgvInput), Object(Symfony/Component/Console/Output/ConsoleOutput))
#4 {main}
"} 
[2026-05-08 14:05:28] local.WARNING: Email cliente no enviado: Expected response code "250" but got code "530", with message "530 5.7.1 Authentication required".  
[2026-05-08 14:05:28] local.WARNING: Email propietario no enviado: Expected response code "250" but got code "530", with message "530 5.7.1 Authentication required".  
[2026-05-08 14:06:41] local.WARNING: Email cliente no enviado: Expected response code "250" but got code "530", with message "530 5.7.1 Authentication required".  
[2026-05-08 14:06:42] local.WARNING: Email propietario no enviado: Expected response code "250" but got code "530", with message "530 5.7.1 Authentication required".  
[2026-05-08 14:21:20] local.WARNING: Email cliente no enviado: Expected response code "250" but got code "530", with message "530 5.7.1 Authentication required".  
[2026-05-08 14:21:21] local.WARNING: Email propietario no enviado: Expected response code "250" but got code "530", with message "530 5.7.1 Authentication required".  
[2026-05-09 10:54:28] testing.ERROR: Call to undefined method Laravel\Sanctum\TransientToken::delete() {"userId":1,"exception":"[object] (Error(code: 0): Call to undefined method Laravel\\Sanctum\\TransientToken::delete() at C:/Users/Usuario/Desktop/reservaya-complete/backend/app/Http/Controllers/Api/AuthController.php:65)
[stacktrace]
#0 C:/Users/Usuario/Desktop/reservaya-complete/backend/vendor/laravel/framework/src/Illuminate/Routing/ControllerDispatcher.php(47): App/Http/Controllers/Api/AuthController->logout(Object(Illuminate/Http/Request))
#1 C:/Users/Usuario/Desktop/reservaya-complete/backend/vendor/laravel/framework/src/Illuminate/Routing/Route.php(266): Illuminate/Routing/ControllerDispatcher->dispatch(Object(Illuminate/Routing/Route), Object(App/Http/Controllers/Api/AuthController), 'logout')
#2 C:/Users/Usuario/Desktop/reservaya-complete/backend/vendor/laravel/framework/src/Illuminate/Routing/Route.php(212): Illuminate/Routing/Route->runController()
#3 C:/Users/Usuario/Desktop/reservaya-complete/backend/vendor/laravel/framework/src/Illuminate/Routing/Router.php(808): Illuminate/Routing/Route->run()
#4 C:/Users/Usuario/Desktop/reservaya-complete/backend/vendor/laravel/framework/src/Illuminate/Pipeline/Pipeline.php(170): Illuminate/Routing/Router->Illuminate/Routing/{closure}(Object(Illuminate/Http/Request))
#5 C:/Users/Usuario/Desktop/reservaya-complete/backend/vendor/laravel/framework/src/Illuminate/Routing/Middleware/SubstituteBindings.php(51): Illuminate/Pipeline/Pipeline->Illuminate/Pipeline/{closure}(Object(Illuminate/Http/Request))
#6 C:/Users/Usuario/Desktop/reservaya-complete/backend/vendor/laravel/framework/src/Illuminate/Pipeline/Pipeline.php(209): Illuminate/Routing/Middleware/SubstituteBindings->handle(Object(Illuminate/Http/Request), Object(Closure))
#7 C:/Users/Usuario/Desktop/reservaya-complete/backend/vendor/laravel/framework/src/Illuminate/Auth/Middleware/Authenticate.php(64): Illuminate/Pipeline/Pipeline->Illuminate/Pipeline/{closure}(Object(Illuminate/Http/Request))
#8 C:/Users/Usuario/Desktop/reservaya-complete/backend/vendor/laravel/framework/src/Illuminate/Pipeline/Pipeline.php(209): Illuminate/Auth/Middleware/Authenticate->handle(Object(Illuminate/Http/Request), Object(Closure), 'sanctum')
#9 C:/Users/Usuario/Desktop/reservaya-complete/backend/vendor/laravel/framework/src/Illuminate/Pipeline/Pipeline.php(127): Illuminate/Pipeline/Pipeline->Illuminate/Pipeline/{closure}(Object(Illuminate/Http/Request))
#10 C:/Users/Usuario/Desktop/reservaya-complete/backend/vendor/laravel/framework/src/Illuminate/Routing/Router.php(807): Illuminate/Pipeline/Pipeline->then(Object(Closure))
#11 C:/Users/Usuario/Desktop/reservaya-complete/backend/vendor/laravel/framework/src/Illuminate/Routing/Router.php(786): Illuminate/Routing/Router->runRouteWithinStack(Object(Illuminate/Routing/Route), Object(Illuminate/Http/Request))
#12 C:/Users/Usuario/Desktop/reservaya-complete/backend/vendor/laravel/framework/src/Illuminate/Routing/Router.php(750): Illuminate/Routing/Router->runRoute(Object(Illuminate/Http/Request), Object(Illuminate/Routing/Route))
#13 C:/Users/Usuario/Desktop/reservaya-complete/backend/vendor/laravel/framework/src/Illuminate/Routing/Router.php(739): Illuminate/Routing/Router->dispatchToRoute(Object(Illuminate/Http/Request))
#14 C:/Users/Usuario/Desktop/reservaya-complete/backend/vendor/laravel/framework/src/Illuminate/Foundation/Http/Kernel.php(201): Illuminate/Routing/Router->dispatch(Object(Illuminate/Http/Request))
#15 C:/Users/Usuario/Desktop/reservaya-complete/backend/vendor/laravel/framework/src/Illuminate/Pipeline/Pipeline.php(170): Illuminate/Foundation/Http/Kernel->Illuminate/Foundation/Http/{closure}(Object(Illuminate/Http/Request))
#16 C:/Users/Usuario/Desktop/reservaya-complete/backend/app/Http/Middleware/CorsMiddleware.php(32): Illuminate/Pipeline/Pipeline->Illuminate/Pipeline/{closure}(Object(Illuminate/Http/Request))
#17 C:/Users/Usuario/Desktop/reservaya-complete/backend/vendor/laravel/framework/src/Illuminate/Pipeline/Pipeline.php(209): App/Http/Middleware/CorsMiddleware->handle(Object(Illuminate/Http/Request), Object(Closure))
#18 C:/Users/Usuario/Desktop/reservaya-complete/backend/vendor/laravel/framework/src/Illuminate/Pipeline/Pipeline.php(127): Illuminate/Pipeline/Pipeline->Illuminate/Pipeline/{closure}(Object(Illuminate/Http/Request))
#19 C:/Users/Usuario/Desktop/reservaya-complete/backend/vendor/laravel/framework/src/Illuminate/Foundation/Http/Kernel.php(176): Illuminate/Pipeline/Pipeline->then(Object(Closure))
#20 C:/Users/Usuario/Desktop/reservaya-complete/backend/vendor/laravel/framework/src/Illuminate/Foundation/Http/Kernel.php(145): Illuminate/Foundation/Http/Kernel->sendRequestThroughRouter(Object(Illuminate/Http/Request))
#21 C:/Users/Usuario/Desktop/reservaya-complete/backend/vendor/laravel/framework/src/Illuminate/Foundation/Testing/Concerns/MakesHttpRequests.php(607): Illuminate/Foundation/Http/Kernel->handle(Object(Illuminate/Http/Request))
#22 C:/Users/Usuario/Desktop/reservaya-complete/backend/vendor/laravel/framework/src/Illuminate/Foundation/Testing/Concerns/MakesHttpRequests.php(573): Illuminate/Foundation/Testing/TestCase->call('POST', '/api/auth/logou...', Array, Array, Array, Array, '[]')
#23 C:/Users/Usuario/Desktop/reservaya-complete/backend/vendor/laravel/framework/src/Illuminate/Foundation/Testing/Concerns/MakesHttpRequests.php(411): Illuminate/Foundation/Testing/TestCase->json('POST', '/api/auth/logou...', Array, Array, 0)
#24 C:/Users/Usuario/Desktop/reservaya-complete/backend/tests/Feature/AuthTest.php(109): Illuminate/Foundation/Testing/TestCase->postJson('/api/auth/logou...')
#25 C:/Users/Usuario/Desktop/reservaya-complete/backend/vendor/phpunit/phpunit/src/Framework/TestCase.php(1667): Tests/Feature/AuthTest->test_user_can_logout()
#26 C:/Users/Usuario/Desktop/reservaya-complete/backend/vendor/phpunit/phpunit/src/Framework/TestCase.php(519): PHPUnit/Framework/TestCase->runTest()
#27 C:/Users/Usuario/Desktop/reservaya-complete/backend/vendor/phpunit/phpunit/src/Framework/TestRunner/TestRunner.php(87): PHPUnit/Framework/TestCase->runBare()
#28 C:/Users/Usuario/Desktop/reservaya-complete/backend/vendor/phpunit/phpunit/src/Framework/TestCase.php(365): PHPUnit/Framework/TestRunner->run(Object(Tests/Feature/AuthTest))
#29 C:/Users/Usuario/Desktop/reservaya-complete/backend/vendor/phpunit/phpunit/src/Framework/TestSuite.php(369): PHPUnit/Framework/TestCase->run()
#30 C:/Users/Usuario/Desktop/reservaya-complete/backend/vendor/phpunit/phpunit/src/Framework/TestSuite.php(369): PHPUnit/Framework/TestSuite->run()
#31 C:/Users/Usuario/Desktop/reservaya-complete/backend/vendor/phpunit/phpunit/src/Framework/TestSuite.php(369): PHPUnit/Framework/TestSuite->run()
#32 C:/Users/Usuario/Desktop/reservaya-complete/backend/vendor/phpunit/phpunit/src/TextUI/TestRunner.php(64): PHPUnit/Framework/TestSuite->run()
#33 C:/Users/Usuario/Desktop/reservaya-complete/backend/vendor/phpunit/phpunit/src/TextUI/Application.php(211): PHPUnit/TextUI/TestRunner->run(Object(PHPUnit/TextUI/Configuration/Configuration), Object(PHPUnit/Runner/ResultCache/DefaultResultCache), Object(PHPUnit/Framework/TestSuite))
#34 C:/Users/Usuario/Desktop/reservaya-complete/backend/vendor/phpunit/phpunit/phpunit(104): PHPUnit/TextUI/Application->run(Array)
#35 {main}
"} 
[2026-05-09 10:54:29] testing.ERROR: SQLSTATE[23000]: Integrity constraint violation: 19 UNIQUE constraint failed: reservations.table_id, reservations.start_time (Connection: sqlite, SQL: insert into "reservations" ("restaurant_id", "table_id", "start_time", "guests", "notes", "user_id", "duration_minutes", "status", "qr_code", "updated_at", "created_at") values (1, 1, 2026-05-10 19:00:29, 2, Mesa junto a la ventana, 1, 90, confirmed, https://api.qrserver.com/v1/create-qr-code/?size=200x200&data=reservaya-lUvWd4nQP1hxoOCD17WupIK3Ag4epuYv, 2026-05-09 10:54:29, 2026-05-09 10:54:29)) {"userId":1,"exception":"[object] (Illuminate\\Database\\UniqueConstraintViolationException(code: 23000): SQLSTATE[23000]: Integrity constraint violation: 19 UNIQUE constraint failed: reservations.table_id, reservations.start_time (Connection: sqlite, SQL: insert into \"reservations\" (\"restaurant_id\", \"table_id\", \"start_time\", \"guests\", \"notes\", \"user_id\", \"duration_minutes\", \"status\", \"qr_code\", \"updated_at\", \"created_at\") values (1, 1, 2026-05-10 19:00:29, 2, Mesa junto a la ventana, 1, 90, confirmed, https://api.qrserver.com/v1/create-qr-code/?size=200x200&data=reservaya-lUvWd4nQP1hxoOCD17WupIK3Ag4epuYv, 2026-05-09 10:54:29, 2026-05-09 10:54:29)) at C:/Users/Usuario/Desktop/reservaya-complete/backend/vendor/laravel/framework/src/Illuminate/Database/Connection.php:820)
[stacktrace]
#0 C:/Users/Usuario/Desktop/reservaya-complete/backend/vendor/laravel/framework/src/Illuminate/Database/Connection.php(779): Illuminate/Database/Connection->runQueryCallback('insert into \"re...', Array, Object(Closure))
#1 C:/Users/Usuario/Desktop/reservaya-complete/backend/vendor/laravel/framework/src/Illuminate/Database/Connection.php(560): Illuminate/Database/Connection->run('insert into \"re...', Array, Object(Closure))
#2 C:/Users/Usuario/Desktop/reservaya-complete/backend/vendor/laravel/framework/src/Illuminate/Database/Connection.php(524): Illuminate/Database/Connection->statement('insert into \"re...', Array)
#3 C:/Users/Usuario/Desktop/reservaya-complete/backend/vendor/laravel/framework/src/Illuminate/Database/Query/Processors/Processor.php(32): Illuminate/Database/Connection->insert('insert into \"re...', Array)
#4 C:/Users/Usuario/Desktop/reservaya-complete/backend/vendor/laravel/framework/src/Illuminate/Database/Query/Builder.php(3766): Illuminate/Database/Query/Processors/Processor->processInsertGetId(Object(Illuminate/Database/Query/Builder), 'insert into \"re...', Array, 'id')
#5 C:/Users/Usuario/Desktop/reservaya-complete/backend/vendor/laravel/framework/src/Illuminate/Database/Eloquent/Builder.php(2120): Illuminate/Database/Query/Builder->insertGetId(Array, 'id')
#6 C:/Users/Usuario/Desktop/reservaya-complete/backend/vendor/laravel/framework/src/Illuminate/Database/Eloquent/Model.php(1359): Illuminate/Database/Eloquent/Builder->__call('insertGetId', Array)
#7 C:/Users/Usuario/Desktop/reservaya-complete/backend/vendor/laravel/framework/src/Illuminate/Database/Eloquent/Model.php(1324): Illuminate/Database/Eloquent/Model->insertAndSetId(Object(Illuminate/Database/Eloquent/Builder), Array)
#8 C:/Users/Usuario/Desktop/reservaya-complete/backend/vendor/laravel/framework/src/Illuminate/Database/Eloquent/Model.php(1163): Illuminate/Database/Eloquent/Model->performInsert(Object(Illuminate/Database/Eloquent/Builder))
#9 C:/Users/Usuario/Desktop/reservaya-complete/backend/vendor/laravel/framework/src/Illuminate/Database/Eloquent/Builder.php(1128): Illuminate/Database/Eloquent/Model->save()
#10 C:/Users/Usuario/Desktop/reservaya-complete/backend/vendor/laravel/framework/src/Illuminate/Support/helpers.php(399): Illuminate/Database/Eloquent/Builder->Illuminate/Database/Eloquent/{closure}(Object(App/Models/Reservation))
#11 C:/Users/Usuario/Desktop/reservaya-complete/backend/vendor/laravel/framework/src/Illuminate/Database/Eloquent/Builder.php(1127): tap(Object(App/Models/Reservation), Object(Closure))
#12 C:/Users/Usuario/Desktop/reservaya-complete/backend/vendor/laravel/framework/src/Illuminate/Support/Traits/ForwardsCalls.php(23): Illuminate/Database/Eloquent/Builder->create(Array)
#13 C:/Users/Usuario/Desktop/reservaya-complete/backend/vendor/laravel/framework/src/Illuminate/Database/Eloquent/Model.php(2372): Illuminate/Database/Eloquent/Model->forwardCallTo(Object(Illuminate/Database/Eloquent/Builder), 'create', Array)
#14 C:/Users/Usuario/Desktop/reservaya-complete/backend/vendor/laravel/framework/src/Illuminate/Database/Eloquent/Model.php(2384): Illuminate/Database/Eloquent/Model->__call('create', Array)
#15 C:/Users/Usuario/Desktop/reservaya-complete/backend/app/Http/Controllers/Api/ReservationController.php(83): Illuminate/Database/Eloquent/Model::__callStatic('create', Array)
#16 C:/Users/Usuario/Desktop/reservaya-complete/backend/vendor/laravel/framework/src/Illuminate/Routing/ControllerDispatcher.php(47): App/Http/Controllers/Api/ReservationController->store(Object(Illuminate/Http/Request))
#17 C:/Users/Usuario/Desktop/reservaya-complete/backend/vendor/laravel/framework/src/Illuminate/Routing/Route.php(266): Illuminate/Routing/ControllerDispatcher->dispatch(Object(Illuminate/Routing/Route), Object(App/Http/Controllers/Api/ReservationController), 'store')
#18 C:/Users/Usuario/Desktop/reservaya-complete/backend/vendor/laravel/framework/src/Illuminate/Routing/Route.php(212): Illuminate/Routing/Route->runController()
#19 C:/Users/Usuario/Desktop/reservaya-complete/backend/vendor/laravel/framework/src/Illuminate/Routing/Router.php(808): Illuminate/Routing/Route->run()
#20 C:/Users/Usuario/Desktop/reservaya-complete/backend/vendor/laravel/framework/src/Illuminate/Pipeline/Pipeline.php(170): Illuminate/Routing/Router->Illuminate/Routing/{closure}(Object(Illuminate/Http/Request))
#21 C:/Users/Usuario/Desktop/reservaya-complete/backend/vendor/laravel/framework/src/Illuminate/Routing/Middleware/SubstituteBindings.php(51): Illuminate/Pipeline/Pipeline->Illuminate/Pipeline/{closure}(Object(Illuminate/Http/Request))
#22 C:/Users/Usuario/Desktop/reservaya-complete/backend/vendor/laravel/framework/src/Illuminate/Pipeline/Pipeline.php(209): Illuminate/Routing/Middleware/SubstituteBindings->handle(Object(Illuminate/Http/Request), Object(Closure))
#23 C:/Users/Usuario/Desktop/reservaya-complete/backend/vendor/laravel/framework/src/Illuminate/Auth/Middleware/Authenticate.php(64): Illuminate/Pipeline/Pipeline->Illuminate/Pipeline/{closure}(Object(Illuminate/Http/Request))
#24 C:/Users/Usuario/Desktop/reservaya-complete/backend/vendor/laravel/framework/src/Illuminate/Pipeline/Pipeline.php(209): Illuminate/Auth/Middleware/Authenticate->handle(Object(Illuminate/Http/Request), Object(Closure), 'sanctum')
#25 C:/Users/Usuario/Desktop/reservaya-complete/backend/vendor/laravel/framework/src/Illuminate/Pipeline/Pipeline.php(127): Illuminate/Pipeline/Pipeline->Illuminate/Pipeline/{closure}(Object(Illuminate/Http/Request))
#26 C:/Users/Usuario/Desktop/reservaya-complete/backend/vendor/laravel/framework/src/Illuminate/Routing/Router.php(807): Illuminate/Pipeline/Pipeline->then(Object(Closure))
#27 C:/Users/Usuario/Desktop/reservaya-complete/backend/vendor/laravel/framework/src/Illuminate/Routing/Router.php(786): Illuminate/Routing/Router->runRouteWithinStack(Object(Illuminate/Routing/Route), Object(Illuminate/Http/Request))
#28 C:/Users/Usuario/Desktop/reservaya-complete/backend/vendor/laravel/framework/src/Illuminate/Routing/Router.php(750): Illuminate/Routing/Router->runRoute(Object(Illuminate/Http/Request), Object(Illuminate/Routing/Route))
#29 C:/Users/Usuario/Desktop/reservaya-complete/backend/vendor/laravel/framework/src/Illuminate/Routing/Router.php(739): Illuminate/Routing/Router->dispatchToRoute(Object(Illuminate/Http/Request))
#30 C:/Users/Usuario/Desktop/reservaya-complete/backend/vendor/laravel/framework/src/Illuminate/Foundation/Http/Kernel.php(201): Illuminate/Routing/Router->dispatch(Object(Illuminate/Http/Request))
#31 C:/Users/Usuario/Desktop/reservaya-complete/backend/vendor/laravel/framework/src/Illuminate/Pipeline/Pipeline.php(170): Illuminate/Foundation/Http/Kernel->Illuminate/Foundation/Http/{closure}(Object(Illuminate/Http/Request))
#32 C:/Users/Usuario/Desktop/reservaya-complete/backend/app/Http/Middleware/CorsMiddleware.php(32): Illuminate/Pipeline/Pipeline->Illuminate/Pipeline/{closure}(Object(Illuminate/Http/Request))
#33 C:/Users/Usuario/Desktop/reservaya-complete/backend/vendor/laravel/framework/src/Illuminate/Pipeline/Pipeline.php(209): App/Http/Middleware/CorsMiddleware->handle(Object(Illuminate/Http/Request), Object(Closure))
#34 C:/Users/Usuario/Desktop/reservaya-complete/backend/vendor/laravel/framework/src/Illuminate/Pipeline/Pipeline.php(127): Illuminate/Pipeline/Pipeline->Illuminate/Pipeline/{closure}(Object(Illuminate/Http/Request))
#35 C:/Users/Usuario/Desktop/reservaya-complete/backend/vendor/laravel/framework/src/Illuminate/Foundation/Http/Kernel.php(176): Illuminate/Pipeline/Pipeline->then(Object(Closure))
#36 C:/Users/Usuario/Desktop/reservaya-complete/backend/vendor/laravel/framework/src/Illuminate/Foundation/Http/Kernel.php(145): Illuminate/Foundation/Http/Kernel->sendRequestThroughRouter(Object(Illuminate/Http/Request))
#37 C:/Users/Usuario/Desktop/reservaya-complete/backend/vendor/laravel/framework/src/Illuminate/Foundation/Testing/Concerns/MakesHttpRequests.php(607): Illuminate/Foundation/Http/Kernel->handle(Object(Illuminate/Http/Request))
#38 C:/Users/Usuario/Desktop/reservaya-complete/backend/vendor/laravel/framework/src/Illuminate/Foundation/Testing/Concerns/MakesHttpRequests.php(573): Illuminate/Foundation/Testing/TestCase->call('POST', '/api/reservatio...', Array, Array, Array, Array, '{\"restaurant_id...')
#39 C:/Users/Usuario/Desktop/reservaya-complete/backend/vendor/laravel/framework/src/Illuminate/Foundation/Testing/Concerns/MakesHttpRequests.php(411): Illuminate/Foundation/Testing/TestCase->json('POST', '/api/reservatio...', Array, Array, 0)
#40 C:/Users/Usuario/Desktop/reservaya-complete/backend/tests/Feature/ReservationTest.php(109): Illuminate/Foundation/Testing/TestCase->postJson('/api/reservatio...', Array)
#41 C:/Users/Usuario/Desktop/reservaya-complete/backend/vendor/phpunit/phpunit/src/Framework/TestCase.php(1667): Tests/Feature/ReservationTest->test_reservation_succeeds_when_previous_is_cancelled()
#42 C:/Users/Usuario/Desktop/reservaya-complete/backend/vendor/phpunit/phpunit/src/Framework/TestCase.php(519): PHPUnit/Framework/TestCase->runTest()
#43 C:/Users/Usuario/Desktop/reservaya-complete/backend/vendor/phpunit/phpunit/src/Framework/TestRunner/TestRunner.php(87): PHPUnit/Framework/TestCase->runBare()
#44 C:/Users/Usuario/Desktop/reservaya-complete/backend/vendor/phpunit/phpunit/src/Framework/TestCase.php(365): PHPUnit/Framework/TestRunner->run(Object(Tests/Feature/ReservationTest))
#45 C:/Users/Usuario/Desktop/reservaya-complete/backend/vendor/phpunit/phpunit/src/Framework/TestSuite.php(369): PHPUnit/Framework/TestCase->run()
#46 C:/Users/Usuario/Desktop/reservaya-complete/backend/vendor/phpunit/phpunit/src/Framework/TestSuite.php(369): PHPUnit/Framework/TestSuite->run()
#47 C:/Users/Usuario/Desktop/reservaya-complete/backend/vendor/phpunit/phpunit/src/Framework/TestSuite.php(369): PHPUnit/Framework/TestSuite->run()
#48 C:/Users/Usuario/Desktop/reservaya-complete/backend/vendor/phpunit/phpunit/src/TextUI/TestRunner.php(64): PHPUnit/Framework/TestSuite->run()
#49 C:/Users/Usuario/Desktop/reservaya-complete/backend/vendor/phpunit/phpunit/src/TextUI/Application.php(211): PHPUnit/TextUI/TestRunner->run(Object(PHPUnit/TextUI/Configuration/Configuration), Object(PHPUnit/Runner/ResultCache/DefaultResultCache), Object(PHPUnit/Framework/TestSuite))
#50 C:/Users/Usuario/Desktop/reservaya-complete/backend/vendor/phpunit/phpunit/phpunit(104): PHPUnit/TextUI/Application->run(Array)
#51 {main}

[previous exception] [object] (PDOException(code: 23000): SQLSTATE[23000]: Integrity constraint violation: 19 UNIQUE constraint failed: reservations.table_id, reservations.start_time at C:/Users/Usuario/Desktop/reservaya-complete/backend/vendor/laravel/framework/src/Illuminate/Database/Connection.php:571)
[stacktrace]
#0 C:/Users/Usuario/Desktop/reservaya-complete/backend/vendor/laravel/framework/src/Illuminate/Database/Connection.php(571): PDOStatement->execute()
#1 C:/Users/Usuario/Desktop/reservaya-complete/backend/vendor/laravel/framework/src/Illuminate/Database/Connection.php(812): Illuminate/Database/Connection->Illuminate/Database/{closure}('insert into \"re...', Array)
#2 C:/Users/Usuario/Desktop/reservaya-complete/backend/vendor/laravel/framework/src/Illuminate/Database/Connection.php(779): Illuminate/Database/Connection->runQueryCallback('insert into \"re...', Array, Object(Closure))
#3 C:/Users/Usuario/Desktop/reservaya-complete/backend/vendor/laravel/framework/src/Illuminate/Database/Connection.php(560): Illuminate/Database/Connection->run('insert into \"re...', Array, Object(Closure))
#4 C:/Users/Usuario/Desktop/reservaya-complete/backend/vendor/laravel/framework/src/Illuminate/Database/Connection.php(524): Illuminate/Database/Connection->statement('insert into \"re...', Array)
#5 C:/Users/Usuario/Desktop/reservaya-complete/backend/vendor/laravel/framework/src/Illuminate/Database/Query/Processors/Processor.php(32): Illuminate/Database/Connection->insert('insert into \"re...', Array)
#6 C:/Users/Usuario/Desktop/reservaya-complete/backend/vendor/laravel/framework/src/Illuminate/Database/Query/Builder.php(3766): Illuminate/Database/Query/Processors/Processor->processInsertGetId(Object(Illuminate/Database/Query/Builder), 'insert into \"re...', Array, 'id')
#7 C:/Users/Usuario/Desktop/reservaya-complete/backend/vendor/laravel/framework/src/Illuminate/Database/Eloquent/Builder.php(2120): Illuminate/Database/Query/Builder->insertGetId(Array, 'id')
#8 C:/Users/Usuario/Desktop/reservaya-complete/backend/vendor/laravel/framework/src/Illuminate/Database/Eloquent/Model.php(1359): Illuminate/Database/Eloquent/Builder->__call('insertGetId', Array)
#9 C:/Users/Usuario/Desktop/reservaya-complete/backend/vendor/laravel/framework/src/Illuminate/Database/Eloquent/Model.php(1324): Illuminate/Database/Eloquent/Model->insertAndSetId(Object(Illuminate/Database/Eloquent/Builder), Array)
#10 C:/Users/Usuario/Desktop/reservaya-complete/backend/vendor/laravel/framework/src/Illuminate/Database/Eloquent/Model.php(1163): Illuminate/Database/Eloquent/Model->performInsert(Object(Illuminate/Database/Eloquent/Builder))
#11 C:/Users/Usuario/Desktop/reservaya-complete/backend/vendor/laravel/framework/src/Illuminate/Database/Eloquent/Builder.php(1128): Illuminate/Database/Eloquent/Model->save()
#12 C:/Users/Usuario/Desktop/reservaya-complete/backend/vendor/laravel/framework/src/Illuminate/Support/helpers.php(399): Illuminate/Database/Eloquent/Builder->Illuminate/Database/Eloquent/{closure}(Object(App/Models/Reservation))
#13 C:/Users/Usuario/Desktop/reservaya-complete/backend/vendor/laravel/framework/src/Illuminate/Database/Eloquent/Builder.php(1127): tap(Object(App/Models/Reservation), Object(Closure))
#14 C:/Users/Usuario/Desktop/reservaya-complete/backend/vendor/laravel/framework/src/Illuminate/Support/Traits/ForwardsCalls.php(23): Illuminate/Database/Eloquent/Builder->create(Array)
#15 C:/Users/Usuario/Desktop/reservaya-complete/backend/vendor/laravel/framework/src/Illuminate/Database/Eloquent/Model.php(2372): Illuminate/Database/Eloquent/Model->forwardCallTo(Object(Illuminate/Database/Eloquent/Builder), 'create', Array)
#16 C:/Users/Usuario/Desktop/reservaya-complete/backend/vendor/laravel/framework/src/Illuminate/Database/Eloquent/Model.php(2384): Illuminate/Database/Eloquent/Model->__call('create', Array)
#17 C:/Users/Usuario/Desktop/reservaya-complete/backend/app/Http/Controllers/Api/ReservationController.php(83): Illuminate/Database/Eloquent/Model::__callStatic('create', Array)
#18 C:/Users/Usuario/Desktop/reservaya-complete/backend/vendor/laravel/framework/src/Illuminate/Routing/ControllerDispatcher.php(47): App/Http/Controllers/Api/ReservationController->store(Object(Illuminate/Http/Request))
#19 C:/Users/Usuario/Desktop/reservaya-complete/backend/vendor/laravel/framework/src/Illuminate/Routing/Route.php(266): Illuminate/Routing/ControllerDispatcher->dispatch(Object(Illuminate/Routing/Route), Object(App/Http/Controllers/Api/ReservationController), 'store')
#20 C:/Users/Usuario/Desktop/reservaya-complete/backend/vendor/laravel/framework/src/Illuminate/Routing/Route.php(212): Illuminate/Routing/Route->runController()
#21 C:/Users/Usuario/Desktop/reservaya-complete/backend/vendor/laravel/framework/src/Illuminate/Routing/Router.php(808): Illuminate/Routing/Route->run()
#22 C:/Users/Usuario/Desktop/reservaya-complete/backend/vendor/laravel/framework/src/Illuminate/Pipeline/Pipeline.php(170): Illuminate/Routing/Router->Illuminate/Routing/{closure}(Object(Illuminate/Http/Request))
#23 C:/Users/Usuario/Desktop/reservaya-complete/backend/vendor/laravel/framework/src/Illuminate/Routing/Middleware/SubstituteBindings.php(51): Illuminate/Pipeline/Pipeline->Illuminate/Pipeline/{closure}(Object(Illuminate/Http/Request))
#24 C:/Users/Usuario/Desktop/reservaya-complete/backend/vendor/laravel/framework/src/Illuminate/Pipeline/Pipeline.php(209): Illuminate/Routing/Middleware/SubstituteBindings->handle(Object(Illuminate/Http/Request), Object(Closure))
#25 C:/Users/Usuario/Desktop/reservaya-complete/backend/vendor/laravel/framework/src/Illuminate/Auth/Middleware/Authenticate.php(64): Illuminate/Pipeline/Pipeline->Illuminate/Pipeline/{closure}(Object(Illuminate/Http/Request))
#26 C:/Users/Usuario/Desktop/reservaya-complete/backend/vendor/laravel/framework/src/Illuminate/Pipeline/Pipeline.php(209): Illuminate/Auth/Middleware/Authenticate->handle(Object(Illuminate/Http/Request), Object(Closure), 'sanctum')
#27 C:/Users/Usuario/Desktop/reservaya-complete/backend/vendor/laravel/framework/src/Illuminate/Pipeline/Pipeline.php(127): Illuminate/Pipeline/Pipeline->Illuminate/Pipeline/{closure}(Object(Illuminate/Http/Request))
#28 C:/Users/Usuario/Desktop/reservaya-complete/backend/vendor/laravel/framework/src/Illuminate/Routing/Router.php(807): Illuminate/Pipeline/Pipeline->then(Object(Closure))
#29 C:/Users/Usuario/Desktop/reservaya-complete/backend/vendor/laravel/framework/src/Illuminate/Routing/Router.php(786): Illuminate/Routing/Router->runRouteWithinStack(Object(Illuminate/Routing/Route), Object(Illuminate/Http/Request))
#30 C:/Users/Usuario/Desktop/reservaya-complete/backend/vendor/laravel/framework/src/Illuminate/Routing/Router.php(750): Illuminate/Routing/Router->runRoute(Object(Illuminate/Http/Request), Object(Illuminate/Routing/Route))
#31 C:/Users/Usuario/Desktop/reservaya-complete/backend/vendor/laravel/framework/src/Illuminate/Routing/Router.php(739): Illuminate/Routing/Router->dispatchToRoute(Object(Illuminate/Http/Request))
#32 C:/Users/Usuario/Desktop/reservaya-complete/backend/vendor/laravel/framework/src/Illuminate/Foundation/Http/Kernel.php(201): Illuminate/Routing/Router->dispatch(Object(Illuminate/Http/Request))
#33 C:/Users/Usuario/Desktop/reservaya-complete/backend/vendor/laravel/framework/src/Illuminate/Pipeline/Pipeline.php(170): Illuminate/Foundation/Http/Kernel->Illuminate/Foundation/Http/{closure}(Object(Illuminate/Http/Request))
#34 C:/Users/Usuario/Desktop/reservaya-complete/backend/app/Http/Middleware/CorsMiddleware.php(32): Illuminate/Pipeline/Pipeline->Illuminate/Pipeline/{closure}(Object(Illuminate/Http/Request))
#35 C:/Users/Usuario/Desktop/reservaya-complete/backend/vendor/laravel/framework/src/Illuminate/Pipeline/Pipeline.php(209): App/Http/Middleware/CorsMiddleware->handle(Object(Illuminate/Http/Request), Object(Closure))
#36 C:/Users/Usuario/Desktop/reservaya-complete/backend/vendor/laravel/framework/src/Illuminate/Pipeline/Pipeline.php(127): Illuminate/Pipeline/Pipeline->Illuminate/Pipeline/{closure}(Object(Illuminate/Http/Request))
#37 C:/Users/Usuario/Desktop/reservaya-complete/backend/vendor/laravel/framework/src/Illuminate/Foundation/Http/Kernel.php(176): Illuminate/Pipeline/Pipeline->then(Object(Closure))
#38 C:/Users/Usuario/Desktop/reservaya-complete/backend/vendor/laravel/framework/src/Illuminate/Foundation/Http/Kernel.php(145): Illuminate/Foundation/Http/Kernel->sendRequestThroughRouter(Object(Illuminate/Http/Request))
#39 C:/Users/Usuario/Desktop/reservaya-complete/backend/vendor/laravel/framework/src/Illuminate/Foundation/Testing/Concerns/MakesHttpRequests.php(607): Illuminate/Foundation/Http/Kernel->handle(Object(Illuminate/Http/Request))
#40 C:/Users/Usuario/Desktop/reservaya-complete/backend/vendor/laravel/framework/src/Illuminate/Foundation/Testing/Concerns/MakesHttpRequests.php(573): Illuminate/Foundation/Testing/TestCase->call('POST', '/api/reservatio...', Array, Array, Array, Array, '{\"restaurant_id...')
#41 C:/Users/Usuario/Desktop/reservaya-complete/backend/vendor/laravel/framework/src/Illuminate/Foundation/Testing/Concerns/MakesHttpRequests.php(411): Illuminate/Foundation/Testing/TestCase->json('POST', '/api/reservatio...', Array, Array, 0)
#42 C:/Users/Usuario/Desktop/reservaya-complete/backend/tests/Feature/ReservationTest.php(109): Illuminate/Foundation/Testing/TestCase->postJson('/api/reservatio...', Array)
#43 C:/Users/Usuario/Desktop/reservaya-complete/backend/vendor/phpunit/phpunit/src/Framework/TestCase.php(1667): Tests/Feature/ReservationTest->test_reservation_succeeds_when_previous_is_cancelled()
#44 C:/Users/Usuario/Desktop/reservaya-complete/backend/vendor/phpunit/phpunit/src/Framework/TestCase.php(519): PHPUnit/Framework/TestCase->runTest()
#45 C:/Users/Usuario/Desktop/reservaya-complete/backend/vendor/phpunit/phpunit/src/Framework/TestRunner/TestRunner.php(87): PHPUnit/Framework/TestCase->runBare()
#46 C:/Users/Usuario/Desktop/reservaya-complete/backend/vendor/phpunit/phpunit/src/Framework/TestCase.php(365): PHPUnit/Framework/TestRunner->run(Object(Tests/Feature/ReservationTest))
#47 C:/Users/Usuario/Desktop/reservaya-complete/backend/vendor/phpunit/phpunit/src/Framework/TestSuite.php(369): PHPUnit/Framework/TestCase->run()
#48 C:/Users/Usuario/Desktop/reservaya-complete/backend/vendor/phpunit/phpunit/src/Framework/TestSuite.php(369): PHPUnit/Framework/TestSuite->run()
#49 C:/Users/Usuario/Desktop/reservaya-complete/backend/vendor/phpunit/phpunit/src/Framework/TestSuite.php(369): PHPUnit/Framework/TestSuite->run()
#50 C:/Users/Usuario/Desktop/reservaya-complete/backend/vendor/phpunit/phpunit/src/TextUI/TestRunner.php(64): PHPUnit/Framework/TestSuite->run()
#51 C:/Users/Usuario/Desktop/reservaya-complete/backend/vendor/phpunit/phpunit/src/TextUI/Application.php(211): PHPUnit/TextUI/TestRunner->run(Object(PHPUnit/TextUI/Configuration/Configuration), Object(PHPUnit/Runner/ResultCache/DefaultResultCache), Object(PHPUnit/Framework/TestSuite))
#52 C:/Users/Usuario/Desktop/reservaya-complete/backend/vendor/phpunit/phpunit/phpunit(104): PHPUnit/TextUI/Application->run(Array)
#53 {main}
"} 
[2026-05-09 15:35:41] local.WARNING: Email cliente no enviado: Request to the Resend API failed. Reason: You can only send testing emails to your own email address (sebastiananimero30@gmail.com). To send emails to other recipients, please verify a domain at resend.com/domains, and change the `from` address to an email using this domain.  
[2026-05-09 15:35:41] local.WARNING: Email propietario no enviado: Request to the Resend API failed. Reason: You can only send testing emails to your own email address (sebastiananimero30@gmail.com). To send emails to other recipients, please verify a domain at resend.com/domains, and change the `from` address to an email using this domain.  
[2026-05-09 15:37:39] local.WARNING: Email cliente no enviado: Request to the Resend API failed. Reason: You can only send testing emails to your own email address (sebastiananimero30@gmail.com). To send emails to other recipients, please verify a domain at resend.com/domains, and change the `from` address to an email using this domain.  
[2026-05-09 15:37:39] local.WARNING: Email propietario no enviado: Request to the Resend API failed. Reason: You can only send testing emails to your own email address (sebastiananimero30@gmail.com). To send emails to other recipients, please verify a domain at resend.com/domains, and change the `from` address to an email using this domain.  
[2026-05-09 15:38:11] local.WARNING: Email cliente no enviado: Request to the Resend API failed. Reason: You can only send testing emails to your own email address (sebastiananimero30@gmail.com). To send emails to other recipients, please verify a domain at resend.com/domains, and change the `from` address to an email using this domain.  
[2026-05-09 15:38:11] local.WARNING: Email propietario no enviado: Request to the Resend API failed. Reason: You can only send testing emails to your own email address (sebastiananimero30@gmail.com). To send emails to other recipients, please verify a domain at resend.com/domains, and change the `from` address to an email using this domain.  
[2026-05-09 15:39:11] local.WARNING: Email cliente no enviado: Request to the Resend API failed. Reason: You can only send testing emails to your own email address (sebastiananimero30@gmail.com). To send emails to other recipients, please verify a domain at resend.com/domains, and change the `from` address to an email using this domain.  
[2026-05-09 15:39:12] local.WARNING: Email propietario no enviado: Request to the Resend API failed. Reason: You can only send testing emails to your own email address (sebastiananimero30@gmail.com). To send emails to other recipients, please verify a domain at resend.com/domains, and change the `from` address to an email using this domain.  
[2026-05-09 16:00:42] local.ERROR: PHP Parse error: Syntax error, unexpected T_NS_SEPARATOR, expecting T_VARIABLE on line 1 {"exception":"[object] (Psy\\Exception\\ParseErrorException(code: 0): PHP Parse error: Syntax error, unexpected T_NS_SEPARATOR, expecting T_VARIABLE on line 1 at C:/Users/Usuario/Desktop/reservaya-complete/backend/vendor/psy/psysh/src/Exception/ParseErrorException.php:44)
[stacktrace]
#0 C:/Users/Usuario/Desktop/reservaya-complete/backend/vendor/psy/psysh/src/CodeCleaner.php(657): Psy/Exception/ParseErrorException::fromParseError(Object(PhpParser/Error))
#1 C:/Users/Usuario/Desktop/reservaya-complete/backend/vendor/psy/psysh/src/CodeCleaner.php(273): Psy/CodeCleaner->parse('<?php Mail::raw...', false)
#2 C:/Users/Usuario/Desktop/reservaya-complete/backend/vendor/psy/psysh/src/Shell.php(1358): Psy/CodeCleaner->clean(Array, false)
#3 C:/Users/Usuario/Desktop/reservaya-complete/backend/vendor/psy/psysh/src/Shell.php(1465): Psy/Shell->appendCode('Mail::raw('Prue...', true, false)
#4 C:/Users/Usuario/Desktop/reservaya-complete/backend/vendor/psy/psysh/src/Shell.php(2173): Psy/Shell->setCode('Mail::raw('Prue...', true)
#5 C:/Users/Usuario/Desktop/reservaya-complete/backend/vendor/laravel/tinker/src/Console/TinkerCommand.php(77): Psy/Shell->execute('Mail::raw('Prue...')
#6 C:/Users/Usuario/Desktop/reservaya-complete/backend/vendor/laravel/framework/src/Illuminate/Container/BoundMethod.php(36): Laravel/Tinker/Console/TinkerCommand->handle()
#7 C:/Users/Usuario/Desktop/reservaya-complete/backend/vendor/laravel/framework/src/Illuminate/Container/Util.php(43): Illuminate/Container/BoundMethod::Illuminate/Container/{closure}()
#8 C:/Users/Usuario/Desktop/reservaya-complete/backend/vendor/laravel/framework/src/Illuminate/Container/BoundMethod.php(95): Illuminate/Container/Util::unwrapIfClosure(Object(Closure))
#9 C:/Users/Usuario/Desktop/reservaya-complete/backend/vendor/laravel/framework/src/Illuminate/Container/BoundMethod.php(35): Illuminate/Container/BoundMethod::callBoundMethod(Object(Illuminate/Foundation/Application), Array, Object(Closure))
#10 C:/Users/Usuario/Desktop/reservaya-complete/backend/vendor/laravel/framework/src/Illuminate/Container/Container.php(696): Illuminate/Container/BoundMethod::call(Object(Illuminate/Foundation/Application), Array, Array, NULL)
#11 C:/Users/Usuario/Desktop/reservaya-complete/backend/vendor/laravel/framework/src/Illuminate/Console/Command.php(213): Illuminate/Container/Container->call(Array)
#12 C:/Users/Usuario/Desktop/reservaya-complete/backend/vendor/symfony/console/Command/Command.php(341): Illuminate/Console/Command->execute(Object(Symfony/Component/Console/Input/ArgvInput), Object(Illuminate/Console/OutputStyle))
#13 C:/Users/Usuario/Desktop/reservaya-complete/backend/vendor/laravel/framework/src/Illuminate/Console/Command.php(182): Symfony/Component/Console/Command/Command->run(Object(Symfony/Component/Console/Input/ArgvInput), Object(Illuminate/Console/OutputStyle))
#14 C:/Users/Usuario/Desktop/reservaya-complete/backend/vendor/symfony/console/Application.php(1117): Illuminate/Console/Command->run(Object(Symfony/Component/Console/Input/ArgvInput), Object(Symfony/Component/Console/Output/ConsoleOutput))
#15 C:/Users/Usuario/Desktop/reservaya-complete/backend/vendor/symfony/console/Application.php(356): Symfony/Component/Console/Application->doRunCommand(Object(Laravel/Tinker/Console/TinkerCommand), Object(Symfony/Component/Console/Input/ArgvInput), Object(Symfony/Component/Console/Output/ConsoleOutput))
#16 C:/Users/Usuario/Desktop/reservaya-complete/backend/vendor/symfony/console/Application.php(195): Symfony/Component/Console/Application->doRun(Object(Symfony/Component/Console/Input/ArgvInput), Object(Symfony/Component/Console/Output/ConsoleOutput))
#17 C:/Users/Usuario/Desktop/reservaya-complete/backend/vendor/laravel/framework/src/Illuminate/Foundation/Console/Kernel.php(198): Symfony/Component/Console/Application->run(Object(Symfony/Component/Console/Input/ArgvInput), Object(Symfony/Component/Console/Output/ConsoleOutput))
#18 C:/Users/Usuario/Desktop/reservaya-complete/backend/artisan(16): Illuminate/Foundation/Console/Kernel->handle(Object(Symfony/Component/Console/Input/ArgvInput), Object(Symfony/Component/Console/Output/ConsoleOutput))
#19 {main}
"} 
[2026-05-11 16:00:01] local.WARNING: Email cliente no enviado: Connection could not be established with host "smtp.gmail.com:587": stream_socket_client(): php_network_getaddresses: getaddrinfo for smtp.gmail.com failed: Host desconocido.   
[2026-05-11 16:00:01] local.WARNING: Email propietario no enviado: Connection could not be established with host "smtp.gmail.com:587": stream_socket_client(): php_network_getaddresses: getaddrinfo for smtp.gmail.com failed: Host desconocido.   
[2026-05-11 16:48:24] local.ERROR: syntax error, unexpected token "??", expecting "->" or "?->" or "{" or "[" {"exception":"[object] (ParseError(code: 0): syntax error, unexpected token \"??\", expecting \"->\" or \"?->\" or \"{\" or \"[\" at C:/Users/Usuario/Desktop/reservaya-complete/backend/app/Http/Controllers/Api/PaymentController.php:86)
[stacktrace]
#0 C:/Users/Usuario/Desktop/reservaya-complete/backend/vendor/composer/ClassLoader.php(427): Composer/Autoload/{closure}('C://Users//Usuari...')
#1 [internal function]: Composer/Autoload/ClassLoader->loadClass('App//Http//Contro...')
#2 C:/Users/Usuario/Desktop/reservaya-complete/backend/vendor/laravel/framework/src/Illuminate/Routing/Route.php(1117): is_a('App//Http//Contro...', 'Illuminate//Rout...', true)
#3 C:/Users/Usuario/Desktop/reservaya-complete/backend/vendor/laravel/framework/src/Illuminate/Routing/Route.php(1054): Illuminate/Routing/Route->controllerMiddleware()
#4 C:/Users/Usuario/Desktop/reservaya-complete/backend/vendor/laravel/framework/src/Illuminate/Routing/Router.php(820): Illuminate/Routing/Route->gatherMiddleware()
#5 C:/Users/Usuario/Desktop/reservaya-complete/backend/vendor/laravel/framework/src/Illuminate/Foundation/Console/RouteListCommand.php(211): Illuminate/Routing/Router->gatherRouteMiddleware(Object(Illuminate/Routing/Route))
#6 C:/Users/Usuario/Desktop/reservaya-complete/backend/vendor/laravel/framework/src/Illuminate/Foundation/Console/RouteListCommand.php(148): Illuminate/Foundation/Console/RouteListCommand->getMiddleware(Object(Illuminate/Routing/Route))
#7 C:/Users/Usuario/Desktop/reservaya-complete/backend/vendor/laravel/framework/src/Illuminate/Foundation/Console/RouteListCommand.php(118): Illuminate/Foundation/Console/RouteListCommand->getRouteInformation(Object(Illuminate/Routing/Route))
#8 [internal function]: Illuminate/Foundation/Console/RouteListCommand->Illuminate/Foundation/Console/{closure}(Object(Illuminate/Routing/Route), 22)
#9 C:/Users/Usuario/Desktop/reservaya-complete/backend/vendor/laravel/framework/src/Illuminate/Collections/Arr.php(609): array_map(Object(Closure), Array, Array)
#10 C:/Users/Usuario/Desktop/reservaya-complete/backend/vendor/laravel/framework/src/Illuminate/Collections/Collection.php(799): Illuminate/Support/Arr::map(Array, Object(Closure))
#11 C:/Users/Usuario/Desktop/reservaya-complete/backend/vendor/laravel/framework/src/Illuminate/Foundation/Console/RouteListCommand.php(117): Illuminate/Support/Collection->map(Object(Closure))
#12 C:/Users/Usuario/Desktop/reservaya-complete/backend/vendor/laravel/framework/src/Illuminate/Foundation/Console/RouteListCommand.php(103): Illuminate/Foundation/Console/RouteListCommand->getRoutes()
#13 C:/Users/Usuario/Desktop/reservaya-complete/backend/vendor/laravel/framework/src/Illuminate/Container/BoundMethod.php(36): Illuminate/Foundation/Console/RouteListCommand->handle()
#14 C:/Users/Usuario/Desktop/reservaya-complete/backend/vendor/laravel/framework/src/Illuminate/Container/Util.php(43): Illuminate/Container/BoundMethod::Illuminate/Container/{closure}()
#15 C:/Users/Usuario/Desktop/reservaya-complete/backend/vendor/laravel/framework/src/Illuminate/Container/BoundMethod.php(95): Illuminate/Container/Util::unwrapIfClosure(Object(Closure))
#16 C:/Users/Usuario/Desktop/reservaya-complete/backend/vendor/laravel/framework/src/Illuminate/Container/BoundMethod.php(35): Illuminate/Container/BoundMethod::callBoundMethod(Object(Illuminate/Foundation/Application), Array, Object(Closure))
#17 C:/Users/Usuario/Desktop/reservaya-complete/backend/vendor/laravel/framework/src/Illuminate/Container/Container.php(696): Illuminate/Container/BoundMethod::call(Object(Illuminate/Foundation/Application), Array, Array, NULL)
#18 C:/Users/Usuario/Desktop/reservaya-complete/backend/vendor/laravel/framework/src/Illuminate/Console/Command.php(213): Illuminate/Container/Container->call(Array)
#19 C:/Users/Usuario/Desktop/reservaya-complete/backend/vendor/symfony/console/Command/Command.php(341): Illuminate/Console/Command->execute(Object(Symfony/Component/Console/Input/ArgvInput), Object(Illuminate/Console/OutputStyle))
#20 C:/Users/Usuario/Desktop/reservaya-complete/backend/vendor/laravel/framework/src/Illuminate/Console/Command.php(182): Symfony/Component/Console/Command/Command->run(Object(Symfony/Component/Console/Input/ArgvInput), Object(Illuminate/Console/OutputStyle))
#21 C:/Users/Usuario/Desktop/reservaya-complete/backend/vendor/symfony/console/Application.php(1117): Illuminate/Console/Command->run(Object(Symfony/Component/Console/Input/ArgvInput), Object(Symfony/Component/Console/Output/ConsoleOutput))
#22 C:/Users/Usuario/Desktop/reservaya-complete/backend/vendor/symfony/console/Application.php(356): Symfony/Component/Console/Application->doRunCommand(Object(Illuminate/Foundation/Console/RouteListCommand), Object(Symfony/Component/Console/Input/ArgvInput), Object(Symfony/Component/Console/Output/ConsoleOutput))
#23 C:/Users/Usuario/Desktop/reservaya-complete/backend/vendor/symfony/console/Application.php(195): Symfony/Component/Console/Application->doRun(Object(Symfony/Component/Console/Input/ArgvInput), Object(Symfony/Component/Console/Output/ConsoleOutput))
#24 C:/Users/Usuario/Desktop/reservaya-complete/backend/vendor/laravel/framework/src/Illuminate/Foundation/Console/Kernel.php(198): Symfony/Component/Console/Application->run(Object(Symfony/Component/Console/Input/ArgvInput), Object(Symfony/Component/Console/Output/ConsoleOutput))
#25 C:/Users/Usuario/Desktop/reservaya-complete/backend/artisan(16): Illuminate/Foundation/Console/Kernel->handle(Object(Symfony/Component/Console/Input/ArgvInput), Object(Symfony/Component/Console/Output/ConsoleOutput))
#26 {main}
"} 
[2026-05-11 16:54:20] local.ERROR: No API key provided.  (HINT: set your API key using "Stripe::setApiKey(<API-KEY>)".  You can generate API keys from the Stripe web interface.  See https://stripe.com/api for details, or email support@stripe.com if you have any questions. {"userId":17,"exception":"[object] (Stripe\\Exception\\AuthenticationException(code: 0): No API key provided.  (HINT: set your API key using \"Stripe::setApiKey(<API-KEY>)\".  You can generate API keys from the Stripe web interface.  See https://stripe.com/api for details, or email support@stripe.com if you have any questions. at C:/Users/Usuario/Desktop/reservaya-complete/backend/vendor/stripe/stripe-php/lib/ApiRequestor.php:490)
[stacktrace]
#0 C:/Users/Usuario/Desktop/reservaya-complete/backend/vendor/stripe/stripe-php/lib/ApiRequestor.php(576): Stripe/ApiRequestor->_prepareRequest('post', '/v1/payment_int...', Array, Array, 'v1')
#1 C:/Users/Usuario/Desktop/reservaya-complete/backend/vendor/stripe/stripe-php/lib/ApiRequestor.php(136): Stripe/ApiRequestor->_requestRaw('post', '/v1/payment_int...', Array, Array, 'v1', Array, NULL)
#2 C:/Users/Usuario/Desktop/reservaya-complete/backend/vendor/stripe/stripe-php/lib/ApiOperations/Request.php(111): Stripe/ApiRequestor->request('post', '/v1/payment_int...', Array, Array, 'v1', Array)
#3 C:/Users/Usuario/Desktop/reservaya-complete/backend/vendor/stripe/stripe-php/lib/PaymentIntent.php(125): Stripe/ApiResource::_staticRequest('post', '/v1/payment_int...', Array, NULL)
#4 C:/Users/Usuario/Desktop/reservaya-complete/backend/app/Http/Controllers/Api/PaymentController.php(77): Stripe/PaymentIntent::create(Array)
#5 C:/Users/Usuario/Desktop/reservaya-complete/backend/vendor/laravel/framework/src/Illuminate/Routing/ControllerDispatcher.php(47): App/Http/Controllers/Api/PaymentController->createIntent(Object(Illuminate/Http/Request))
#6 C:/Users/Usuario/Desktop/reservaya-complete/backend/vendor/laravel/framework/src/Illuminate/Routing/Route.php(266): Illuminate/Routing/ControllerDispatcher->dispatch(Object(Illuminate/Routing/Route), Object(App/Http/Controllers/Api/PaymentController), 'createIntent')
#7 C:/Users/Usuario/Desktop/reservaya-complete/backend/vendor/laravel/framework/src/Illuminate/Routing/Route.php(212): Illuminate/Routing/Route->runController()
#8 C:/Users/Usuario/Desktop/reservaya-complete/backend/vendor/laravel/framework/src/Illuminate/Routing/Router.php(808): Illuminate/Routing/Route->run()
#9 C:/Users/Usuario/Desktop/reservaya-complete/backend/vendor/laravel/framework/src/Illuminate/Pipeline/Pipeline.php(170): Illuminate/Routing/Router->Illuminate/Routing/{closure}(Object(Illuminate/Http/Request))
#10 C:/Users/Usuario/Desktop/reservaya-complete/backend/vendor/laravel/framework/src/Illuminate/Routing/Middleware/SubstituteBindings.php(51): Illuminate/Pipeline/Pipeline->Illuminate/Pipeline/{closure}(Object(Illuminate/Http/Request))
#11 C:/Users/Usuario/Desktop/reservaya-complete/backend/vendor/laravel/framework/src/Illuminate/Pipeline/Pipeline.php(209): Illuminate/Routing/Middleware/SubstituteBindings->handle(Object(Illuminate/Http/Request), Object(Closure))
#12 C:/Users/Usuario/Desktop/reservaya-complete/backend/vendor/laravel/framework/src/Illuminate/Auth/Middleware/Authenticate.php(64): Illuminate/Pipeline/Pipeline->Illuminate/Pipeline/{closure}(Object(Illuminate/Http/Request))
#13 C:/Users/Usuario/Desktop/reservaya-complete/backend/vendor/laravel/framework/src/Illuminate/Pipeline/Pipeline.php(209): Illuminate/Auth/Middleware/Authenticate->handle(Object(Illuminate/Http/Request), Object(Closure), 'sanctum')
#14 C:/Users/Usuario/Desktop/reservaya-complete/backend/vendor/laravel/framework/src/Illuminate/Pipeline/Pipeline.php(127): Illuminate/Pipeline/Pipeline->Illuminate/Pipeline/{closure}(Object(Illuminate/Http/Request))
#15 C:/Users/Usuario/Desktop/reservaya-complete/backend/vendor/laravel/framework/src/Illuminate/Routing/Router.php(807): Illuminate/Pipeline/Pipeline->then(Object(Closure))
#16 C:/Users/Usuario/Desktop/reservaya-complete/backend/vendor/laravel/framework/src/Illuminate/Routing/Router.php(786): Illuminate/Routing/Router->runRouteWithinStack(Object(Illuminate/Routing/Route), Object(Illuminate/Http/Request))
#17 C:/Users/Usuario/Desktop/reservaya-complete/backend/vendor/laravel/framework/src/Illuminate/Routing/Router.php(750): Illuminate/Routing/Router->runRoute(Object(Illuminate/Http/Request), Object(Illuminate/Routing/Route))
#18 C:/Users/Usuario/Desktop/reservaya-complete/backend/vendor/laravel/framework/src/Illuminate/Routing/Router.php(739): Illuminate/Routing/Router->dispatchToRoute(Object(Illuminate/Http/Request))
#19 C:/Users/Usuario/Desktop/reservaya-complete/backend/vendor/laravel/framework/src/Illuminate/Foundation/Http/Kernel.php(201): Illuminate/Routing/Router->dispatch(Object(Illuminate/Http/Request))
#20 C:/Users/Usuario/Desktop/reservaya-complete/backend/vendor/laravel/framework/src/Illuminate/Pipeline/Pipeline.php(170): Illuminate/Foundation/Http/Kernel->Illuminate/Foundation/Http/{closure}(Object(Illuminate/Http/Request))
#21 C:/Users/Usuario/Desktop/reservaya-complete/backend/app/Http/Middleware/CorsMiddleware.php(32): Illuminate/Pipeline/Pipeline->Illuminate/Pipeline/{closure}(Object(Illuminate/Http/Request))
#22 C:/Users/Usuario/Desktop/reservaya-complete/backend/vendor/laravel/framework/src/Illuminate/Pipeline/Pipeline.php(209): App/Http/Middleware/CorsMiddleware->handle(Object(Illuminate/Http/Request), Object(Closure))
#23 C:/Users/Usuario/Desktop/reservaya-complete/backend/vendor/laravel/framework/src/Illuminate/Pipeline/Pipeline.php(127): Illuminate/Pipeline/Pipeline->Illuminate/Pipeline/{closure}(Object(Illuminate/Http/Request))
#24 C:/Users/Usuario/Desktop/reservaya-complete/backend/vendor/laravel/framework/src/Illuminate/Foundation/Http/Kernel.php(176): Illuminate/Pipeline/Pipeline->then(Object(Closure))
#25 C:/Users/Usuario/Desktop/reservaya-complete/backend/vendor/laravel/framework/src/Illuminate/Foundation/Http/Kernel.php(145): Illuminate/Foundation/Http/Kernel->sendRequestThroughRouter(Object(Illuminate/Http/Request))
#26 C:/Users/Usuario/Desktop/reservaya-complete/backend/vendor/laravel/framework/src/Illuminate/Foundation/Application.php(1220): Illuminate/Foundation/Http/Kernel->handle(Object(Illuminate/Http/Request))
#27 C:/Users/Usuario/Desktop/reservaya-complete/backend/public/index.php(14): Illuminate/Foundation/Application->handleRequest(Object(Illuminate/Http/Request))
#28 C:/Users/Usuario/Desktop/reservaya-complete/backend/vendor/laravel/framework/src/Illuminate/Foundation/resources/server.php(23): require_once('C://Users//Usuari...')
#29 {main}
"} 
[2026-05-11 16:56:48] local.ERROR: No API key provided.  (HINT: set your API key using "Stripe::setApiKey(<API-KEY>)".  You can generate API keys from the Stripe web interface.  See https://stripe.com/api for details, or email support@stripe.com if you have any questions. {"userId":17,"exception":"[object] (Stripe\\Exception\\AuthenticationException(code: 0): No API key provided.  (HINT: set your API key using \"Stripe::setApiKey(<API-KEY>)\".  You can generate API keys from the Stripe web interface.  See https://stripe.com/api for details, or email support@stripe.com if you have any questions. at C:/Users/Usuario/Desktop/reservaya-complete/backend/vendor/stripe/stripe-php/lib/ApiRequestor.php:490)
[stacktrace]
#0 C:/Users/Usuario/Desktop/reservaya-complete/backend/vendor/stripe/stripe-php/lib/ApiRequestor.php(576): Stripe/ApiRequestor->_prepareRequest('post', '/v1/payment_int...', Array, Array, 'v1')
#1 C:/Users/Usuario/Desktop/reservaya-complete/backend/vendor/stripe/stripe-php/lib/ApiRequestor.php(136): Stripe/ApiRequestor->_requestRaw('post', '/v1/payment_int...', Array, Array, 'v1', Array, NULL)
#2 C:/Users/Usuario/Desktop/reservaya-complete/backend/vendor/stripe/stripe-php/lib/ApiOperations/Request.php(111): Stripe/ApiRequestor->request('post', '/v1/payment_int...', Array, Array, 'v1', Array)
#3 C:/Users/Usuario/Desktop/reservaya-complete/backend/vendor/stripe/stripe-php/lib/PaymentIntent.php(125): Stripe/ApiResource::_staticRequest('post', '/v1/payment_int...', Array, NULL)
#4 C:/Users/Usuario/Desktop/reservaya-complete/backend/app/Http/Controllers/Api/PaymentController.php(77): Stripe/PaymentIntent::create(Array)
#5 C:/Users/Usuario/Desktop/reservaya-complete/backend/vendor/laravel/framework/src/Illuminate/Routing/ControllerDispatcher.php(47): App/Http/Controllers/Api/PaymentController->createIntent(Object(Illuminate/Http/Request))
#6 C:/Users/Usuario/Desktop/reservaya-complete/backend/vendor/laravel/framework/src/Illuminate/Routing/Route.php(266): Illuminate/Routing/ControllerDispatcher->dispatch(Object(Illuminate/Routing/Route), Object(App/Http/Controllers/Api/PaymentController), 'createIntent')
#7 C:/Users/Usuario/Desktop/reservaya-complete/backend/vendor/laravel/framework/src/Illuminate/Routing/Route.php(212): Illuminate/Routing/Route->runController()
#8 C:/Users/Usuario/Desktop/reservaya-complete/backend/vendor/laravel/framework/src/Illuminate/Routing/Router.php(808): Illuminate/Routing/Route->run()
#9 C:/Users/Usuario/Desktop/reservaya-complete/backend/vendor/laravel/framework/src/Illuminate/Pipeline/Pipeline.php(170): Illuminate/Routing/Router->Illuminate/Routing/{closure}(Object(Illuminate/Http/Request))
#10 C:/Users/Usuario/Desktop/reservaya-complete/backend/vendor/laravel/framework/src/Illuminate/Routing/Middleware/SubstituteBindings.php(51): Illuminate/Pipeline/Pipeline->Illuminate/Pipeline/{closure}(Object(Illuminate/Http/Request))
#11 C:/Users/Usuario/Desktop/reservaya-complete/backend/vendor/laravel/framework/src/Illuminate/Pipeline/Pipeline.php(209): Illuminate/Routing/Middleware/SubstituteBindings->handle(Object(Illuminate/Http/Request), Object(Closure))
#12 C:/Users/Usuario/Desktop/reservaya-complete/backend/vendor/laravel/framework/src/Illuminate/Auth/Middleware/Authenticate.php(64): Illuminate/Pipeline/Pipeline->Illuminate/Pipeline/{closure}(Object(Illuminate/Http/Request))
#13 C:/Users/Usuario/Desktop/reservaya-complete/backend/vendor/laravel/framework/src/Illuminate/Pipeline/Pipeline.php(209): Illuminate/Auth/Middleware/Authenticate->handle(Object(Illuminate/Http/Request), Object(Closure), 'sanctum')
#14 C:/Users/Usuario/Desktop/reservaya-complete/backend/vendor/laravel/framework/src/Illuminate/Pipeline/Pipeline.php(127): Illuminate/Pipeline/Pipeline->Illuminate/Pipeline/{closure}(Object(Illuminate/Http/Request))
#15 C:/Users/Usuario/Desktop/reservaya-complete/backend/vendor/laravel/framework/src/Illuminate/Routing/Router.php(807): Illuminate/Pipeline/Pipeline->then(Object(Closure))
#16 C:/Users/Usuario/Desktop/reservaya-complete/backend/vendor/laravel/framework/src/Illuminate/Routing/Router.php(786): Illuminate/Routing/Router->runRouteWithinStack(Object(Illuminate/Routing/Route), Object(Illuminate/Http/Request))
#17 C:/Users/Usuario/Desktop/reservaya-complete/backend/vendor/laravel/framework/src/Illuminate/Routing/Router.php(750): Illuminate/Routing/Router->runRoute(Object(Illuminate/Http/Request), Object(Illuminate/Routing/Route))
#18 C:/Users/Usuario/Desktop/reservaya-complete/backend/vendor/laravel/framework/src/Illuminate/Routing/Router.php(739): Illuminate/Routing/Router->dispatchToRoute(Object(Illuminate/Http/Request))
#19 C:/Users/Usuario/Desktop/reservaya-complete/backend/vendor/laravel/framework/src/Illuminate/Foundation/Http/Kernel.php(201): Illuminate/Routing/Router->dispatch(Object(Illuminate/Http/Request))
#20 C:/Users/Usuario/Desktop/reservaya-complete/backend/vendor/laravel/framework/src/Illuminate/Pipeline/Pipeline.php(170): Illuminate/Foundation/Http/Kernel->Illuminate/Foundation/Http/{closure}(Object(Illuminate/Http/Request))
#21 C:/Users/Usuario/Desktop/reservaya-complete/backend/app/Http/Middleware/CorsMiddleware.php(32): Illuminate/Pipeline/Pipeline->Illuminate/Pipeline/{closure}(Object(Illuminate/Http/Request))
#22 C:/Users/Usuario/Desktop/reservaya-complete/backend/vendor/laravel/framework/src/Illuminate/Pipeline/Pipeline.php(209): App/Http/Middleware/CorsMiddleware->handle(Object(Illuminate/Http/Request), Object(Closure))
#23 C:/Users/Usuario/Desktop/reservaya-complete/backend/vendor/laravel/framework/src/Illuminate/Pipeline/Pipeline.php(127): Illuminate/Pipeline/Pipeline->Illuminate/Pipeline/{closure}(Object(Illuminate/Http/Request))
#24 C:/Users/Usuario/Desktop/reservaya-complete/backend/vendor/laravel/framework/src/Illuminate/Foundation/Http/Kernel.php(176): Illuminate/Pipeline/Pipeline->then(Object(Closure))
#25 C:/Users/Usuario/Desktop/reservaya-complete/backend/vendor/laravel/framework/src/Illuminate/Foundation/Http/Kernel.php(145): Illuminate/Foundation/Http/Kernel->sendRequestThroughRouter(Object(Illuminate/Http/Request))
#26 C:/Users/Usuario/Desktop/reservaya-complete/backend/vendor/laravel/framework/src/Illuminate/Foundation/Application.php(1220): Illuminate/Foundation/Http/Kernel->handle(Object(Illuminate/Http/Request))
#27 C:/Users/Usuario/Desktop/reservaya-complete/backend/public/index.php(14): Illuminate/Foundation/Application->handleRequest(Object(Illuminate/Http/Request))
#28 C:/Users/Usuario/Desktop/reservaya-complete/backend/vendor/laravel/framework/src/Illuminate/Foundation/resources/server.php(23): require_once('C://Users//Usuari...')
#29 {main}
"} 
[2026-05-11 16:56:55] local.ERROR: No API key provided.  (HINT: set your API key using "Stripe::setApiKey(<API-KEY>)".  You can generate API keys from the Stripe web interface.  See https://stripe.com/api for details, or email support@stripe.com if you have any questions. {"userId":17,"exception":"[object] (Stripe\\Exception\\AuthenticationException(code: 0): No API key provided.  (HINT: set your API key using \"Stripe::setApiKey(<API-KEY>)\".  You can generate API keys from the Stripe web interface.  See https://stripe.com/api for details, or email support@stripe.com if you have any questions. at C:/Users/Usuario/Desktop/reservaya-complete/backend/vendor/stripe/stripe-php/lib/ApiRequestor.php:490)
[stacktrace]
#0 C:/Users/Usuario/Desktop/reservaya-complete/backend/vendor/stripe/stripe-php/lib/ApiRequestor.php(576): Stripe/ApiRequestor->_prepareRequest('post', '/v1/payment_int...', Array, Array, 'v1')
#1 C:/Users/Usuario/Desktop/reservaya-complete/backend/vendor/stripe/stripe-php/lib/ApiRequestor.php(136): Stripe/ApiRequestor->_requestRaw('post', '/v1/payment_int...', Array, Array, 'v1', Array, NULL)
#2 C:/Users/Usuario/Desktop/reservaya-complete/backend/vendor/stripe/stripe-php/lib/ApiOperations/Request.php(111): Stripe/ApiRequestor->request('post', '/v1/payment_int...', Array, Array, 'v1', Array)
#3 C:/Users/Usuario/Desktop/reservaya-complete/backend/vendor/stripe/stripe-php/lib/PaymentIntent.php(125): Stripe/ApiResource::_staticRequest('post', '/v1/payment_int...', Array, NULL)
#4 C:/Users/Usuario/Desktop/reservaya-complete/backend/app/Http/Controllers/Api/PaymentController.php(77): Stripe/PaymentIntent::create(Array)
#5 C:/Users/Usuario/Desktop/reservaya-complete/backend/vendor/laravel/framework/src/Illuminate/Routing/ControllerDispatcher.php(47): App/Http/Controllers/Api/PaymentController->createIntent(Object(Illuminate/Http/Request))
#6 C:/Users/Usuario/Desktop/reservaya-complete/backend/vendor/laravel/framework/src/Illuminate/Routing/Route.php(266): Illuminate/Routing/ControllerDispatcher->dispatch(Object(Illuminate/Routing/Route), Object(App/Http/Controllers/Api/PaymentController), 'createIntent')
#7 C:/Users/Usuario/Desktop/reservaya-complete/backend/vendor/laravel/framework/src/Illuminate/Routing/Route.php(212): Illuminate/Routing/Route->runController()
#8 C:/Users/Usuario/Desktop/reservaya-complete/backend/vendor/laravel/framework/src/Illuminate/Routing/Router.php(808): Illuminate/Routing/Route->run()
#9 C:/Users/Usuario/Desktop/reservaya-complete/backend/vendor/laravel/framework/src/Illuminate/Pipeline/Pipeline.php(170): Illuminate/Routing/Router->Illuminate/Routing/{closure}(Object(Illuminate/Http/Request))
#10 C:/Users/Usuario/Desktop/reservaya-complete/backend/vendor/laravel/framework/src/Illuminate/Routing/Middleware/SubstituteBindings.php(51): Illuminate/Pipeline/Pipeline->Illuminate/Pipeline/{closure}(Object(Illuminate/Http/Request))
#11 C:/Users/Usuario/Desktop/reservaya-complete/backend/vendor/laravel/framework/src/Illuminate/Pipeline/Pipeline.php(209): Illuminate/Routing/Middleware/SubstituteBindings->handle(Object(Illuminate/Http/Request), Object(Closure))
#12 C:/Users/Usuario/Desktop/reservaya-complete/backend/vendor/laravel/framework/src/Illuminate/Auth/Middleware/Authenticate.php(64): Illuminate/Pipeline/Pipeline->Illuminate/Pipeline/{closure}(Object(Illuminate/Http/Request))
#13 C:/Users/Usuario/Desktop/reservaya-complete/backend/vendor/laravel/framework/src/Illuminate/Pipeline/Pipeline.php(209): Illuminate/Auth/Middleware/Authenticate->handle(Object(Illuminate/Http/Request), Object(Closure), 'sanctum')
#14 C:/Users/Usuario/Desktop/reservaya-complete/backend/vendor/laravel/framework/src/Illuminate/Pipeline/Pipeline.php(127): Illuminate/Pipeline/Pipeline->Illuminate/Pipeline/{closure}(Object(Illuminate/Http/Request))
#15 C:/Users/Usuario/Desktop/reservaya-complete/backend/vendor/laravel/framework/src/Illuminate/Routing/Router.php(807): Illuminate/Pipeline/Pipeline->then(Object(Closure))
#16 C:/Users/Usuario/Desktop/reservaya-complete/backend/vendor/laravel/framework/src/Illuminate/Routing/Router.php(786): Illuminate/Routing/Router->runRouteWithinStack(Object(Illuminate/Routing/Route), Object(Illuminate/Http/Request))
#17 C:/Users/Usuario/Desktop/reservaya-complete/backend/vendor/laravel/framework/src/Illuminate/Routing/Router.php(750): Illuminate/Routing/Router->runRoute(Object(Illuminate/Http/Request), Object(Illuminate/Routing/Route))
#18 C:/Users/Usuario/Desktop/reservaya-complete/backend/vendor/laravel/framework/src/Illuminate/Routing/Router.php(739): Illuminate/Routing/Router->dispatchToRoute(Object(Illuminate/Http/Request))
#19 C:/Users/Usuario/Desktop/reservaya-complete/backend/vendor/laravel/framework/src/Illuminate/Foundation/Http/Kernel.php(201): Illuminate/Routing/Router->dispatch(Object(Illuminate/Http/Request))
#20 C:/Users/Usuario/Desktop/reservaya-complete/backend/vendor/laravel/framework/src/Illuminate/Pipeline/Pipeline.php(170): Illuminate/Foundation/Http/Kernel->Illuminate/Foundation/Http/{closure}(Object(Illuminate/Http/Request))
#21 C:/Users/Usuario/Desktop/reservaya-complete/backend/app/Http/Middleware/CorsMiddleware.php(32): Illuminate/Pipeline/Pipeline->Illuminate/Pipeline/{closure}(Object(Illuminate/Http/Request))
#22 C:/Users/Usuario/Desktop/reservaya-complete/backend/vendor/laravel/framework/src/Illuminate/Pipeline/Pipeline.php(209): App/Http/Middleware/CorsMiddleware->handle(Object(Illuminate/Http/Request), Object(Closure))
#23 C:/Users/Usuario/Desktop/reservaya-complete/backend/vendor/laravel/framework/src/Illuminate/Pipeline/Pipeline.php(127): Illuminate/Pipeline/Pipeline->Illuminate/Pipeline/{closure}(Object(Illuminate/Http/Request))
#24 C:/Users/Usuario/Desktop/reservaya-complete/backend/vendor/laravel/framework/src/Illuminate/Foundation/Http/Kernel.php(176): Illuminate/Pipeline/Pipeline->then(Object(Closure))
#25 C:/Users/Usuario/Desktop/reservaya-complete/backend/vendor/laravel/framework/src/Illuminate/Foundation/Http/Kernel.php(145): Illuminate/Foundation/Http/Kernel->sendRequestThroughRouter(Object(Illuminate/Http/Request))
#26 C:/Users/Usuario/Desktop/reservaya-complete/backend/vendor/laravel/framework/src/Illuminate/Foundation/Application.php(1220): Illuminate/Foundation/Http/Kernel->handle(Object(Illuminate/Http/Request))
#27 C:/Users/Usuario/Desktop/reservaya-complete/backend/public/index.php(14): Illuminate/Foundation/Application->handleRequest(Object(Illuminate/Http/Request))
#28 C:/Users/Usuario/Desktop/reservaya-complete/backend/vendor/laravel/framework/src/Illuminate/Foundation/resources/server.php(23): require_once('C://Users//Usuari...')
#29 {main}
"} 
